file,line,type,commit,author,date,time,timezone,datetime,depth,length
style.css,1,css,a6a748b6,Matthew Viray,2026-04-07,21:59:44,-07:00,2026-04-07T21:59:44-07:00,0,5
style.css,2,css,a6a748b6,Matthew Viray,2026-04-07,21:59:44,-07:00,2026-04-07T21:59:44-07:00,1,45
style.css,3,css,f9bf2739,Matthew Viray,2026-04-14,17:19:44,-07:00,2026-04-14T17:19:44-07:00,1,0
style.css,4,css,a6a748b6,Matthew Viray,2026-04-07,21:59:44,-07:00,2026-04-07T21:59:44-07:00,0,0
style.css,5,css,a6a748b6,Matthew Viray,2026-04-07,21:59:44,-07:00,2026-04-07T21:59:44-07:00,0,0
style.css,6,css,a6a748b6,Matthew Viray,2026-04-07,21:59:44,-07:00,2026-04-07T21:59:44-07:00,0,3
style.css,7,css,a6a748b6,Matthew Viray,2026-04-07,21:59:44,-07:00,2026-04-07T21:59:44-07:00,1,14
style.css,8,css,a6a748b6,Matthew Viray,2026-04-07,21:59:44,-07:00,2026-04-07T21:59:44-07:00,0,0
style.css,9,css,a6a748b6,Matthew Viray,2026-04-07,21:59:44,-07:00,2026-04-07T21:59:44-07:00,0,0
style.css,10,css,14c11608,Matthew Viray,2026-04-01,20:25:11,-07:00,2026-04-01T20:25:11-07:00,0,4
style.css,11,css,14c11608,Matthew Viray,2026-04-01,20:25:11,-07:00,2026-04-01T20:25:11-07:00,1,43
style.css,12,css,14c11608,Matthew Viray,2026-04-01,20:25:11,-07:00,2026-04-01T20:25:11-07:00,0,42
style.css,13,css,14c11608,Matthew Viray,2026-04-01,20:25:11,-07:00,2026-04-01T20:25:11-07:00,0,0
style.css,14,css,14c11608,Matthew Viray,2026-04-01,20:25:11,-07:00,2026-04-01T20:25:11-07:00,1,23
style.css,15,css,a6a748b6,Matthew Viray,2026-04-07,21:59:44,-07:00,2026-04-07T21:59:44-07:00,1,32
style.css,16,css,a6a748b6,Matthew Viray,2026-04-07,21:59:44,-07:00,2026-04-07T21:59:44-07:00,1,15
style.css,17,css,a6a748b6,Matthew Viray,2026-04-07,21:59:44,-07:00,2026-04-07T21:59:44-07:00,1,18
style.css,18,css,a6a748b6,Matthew Viray,2026-04-07,21:59:44,-07:00,2026-04-07T21:59:44-07:00,1,19
style.css,19,css,a6a748b6,Matthew Viray,2026-04-07,21:59:44,-07:00,2026-04-07T21:59:44-07:00,0,0
style.css,20,css,a6a748b6,Matthew Viray,2026-04-07,21:59:44,-07:00,2026-04-07T21:59:44-07:00,0,0
style.css,21,css,a6a748b6,Matthew Viray,2026-04-07,21:59:44,-07:00,2026-04-07T21:59:44-07:00,0,4
style.css,22,css,a6a748b6,Matthew Viray,2026-04-07,21:59:44,-07:00,2026-04-07T21:59:44-07:00,0,7
style.css,23,css,f9bf2739,Matthew Viray,2026-04-14,17:19:44,-07:00,2026-04-14T17:19:44-07:00,0,5
style.css,24,css,f9bf2739,Matthew Viray,2026-04-14,17:19:44,-07:00,2026-04-14T17:19:44-07:00,0,6
style.css,25,css,a6a748b6,Matthew Viray,2026-04-07,21:59:44,-07:00,2026-04-07T21:59:44-07:00,1,12
style.css,26,css,a6a748b6,Matthew Viray,2026-04-07,21:59:44,-07:00,2026-04-07T21:59:44-07:00,0,0
style.css,27,css,a6a748b6,Matthew Viray,2026-04-07,21:59:44,-07:00,2026-04-07T21:59:44-07:00,0,0
style.css,28,css,a6a748b6,Matthew Viray,2026-04-07,21:59:44,-07:00,2026-04-07T21:59:44-07:00,0,4
style.css,29,css,a6a748b6,Matthew Viray,2026-04-07,21:59:44,-07:00,2026-04-07T21:59:44-07:00,1,12
style.css,30,css,a6a748b6,Matthew Viray,2026-04-07,21:59:44,-07:00,2026-04-07T21:59:44-07:00,1,30
style.css,31,css,a6a748b6,Matthew Viray,2026-04-07,21:59:44,-07:00,2026-04-07T21:59:44-07:00,1,7
style.css,32,css,a6a748b6,Matthew Viray,2026-04-07,21:59:44,-07:00,2026-04-07T21:59:44-07:00,0,0
style.css,33,css,a6a748b6,Matthew Viray,2026-04-07,21:59:44,-07:00,2026-04-07T21:59:44-07:00,0,0
style.css,34,css,a6a748b6,Matthew Viray,2026-04-07,21:59:44,-07:00,2026-04-07T21:59:44-07:00,0,5
style.css,35,css,a6a748b6,Matthew Viray,2026-04-07,21:59:44,-07:00,2026-04-07T21:59:44-07:00,1,12
style.css,36,css,a6a748b6,Matthew Viray,2026-04-07,21:59:44,-07:00,2026-04-07T21:59:44-07:00,1,29
style.css,37,css,a6a748b6,Matthew Viray,2026-04-07,21:59:44,-07:00,2026-04-07T21:59:44-07:00,1,18
style.css,38,css,a6a748b6,Matthew Viray,2026-04-07,21:59:44,-07:00,2026-04-07T21:59:44-07:00,0,0
style.css,39,css,a6a748b6,Matthew Viray,2026-04-07,21:59:44,-07:00,2026-04-07T21:59:44-07:00,0,0
style.css,40,css,a6a748b6,Matthew Viray,2026-04-07,21:59:44,-07:00,2026-04-07T21:59:44-07:00,0,6
style.css,41,css,a6a748b6,Matthew Viray,2026-04-07,21:59:44,-07:00,2026-04-07T21:59:44-07:00,1,18
style.css,42,css,a6a748b6,Matthew Viray,2026-04-07,21:59:44,-07:00,2026-04-07T21:59:44-07:00,0,0
style.css,43,css,a6a748b6,Matthew Viray,2026-04-07,21:59:44,-07:00,2026-04-07T21:59:44-07:00,0,0
style.css,44,css,a6a748b6,Matthew Viray,2026-04-07,21:59:44,-07:00,2026-04-07T21:59:44-07:00,0,5
style.css,45,css,a6a748b6,Matthew Viray,2026-04-07,21:59:44,-07:00,2026-04-07T21:59:44-07:00,0,6
style.css,46,css,a6a748b6,Matthew Viray,2026-04-07,21:59:44,-07:00,2026-04-07T21:59:44-07:00,1,16
style.css,47,css,a6a748b6,Matthew Viray,2026-04-07,21:59:44,-07:00,2026-04-07T21:59:44-07:00,0,0
style.css,48,css,a6a748b6,Matthew Viray,2026-04-07,21:59:44,-07:00,2026-04-07T21:59:44-07:00,0,0
style.css,49,css,a6a748b6,Matthew Viray,2026-04-07,21:59:44,-07:00,2026-04-07T21:59:44-07:00,0,3
style.css,50,css,f9bf2739,Matthew Viray,2026-04-14,17:19:44,-07:00,2026-04-14T17:19:44-07:00,1,39
style.css,51,css,a6a748b6,Matthew Viray,2026-04-07,21:59:44,-07:00,2026-04-07T21:59:44-07:00,1,12
style.css,52,css,a6a748b6,Matthew Viray,2026-04-07,21:59:44,-07:00,2026-04-07T21:59:44-07:00,1,17
style.css,53,css,a6a748b6,Matthew Viray,2026-04-07,21:59:44,-07:00,2026-04-07T21:59:44-07:00,1,23
style.css,54,css,a6a748b6,Matthew Viray,2026-04-07,21:59:44,-07:00,2026-04-07T21:59:44-07:00,1,25
style.css,55,css,f9bf2739,Matthew Viray,2026-04-14,17:19:44,-07:00,2026-04-14T17:19:44-07:00,1,39
style.css,56,css,a6a748b6,Matthew Viray,2026-04-07,21:59:44,-07:00,2026-04-07T21:59:44-07:00,0,0
style.css,57,css,a6a748b6,Matthew Viray,2026-04-07,21:59:44,-07:00,2026-04-07T21:59:44-07:00,0,0
style.css,58,css,a6a748b6,Matthew Viray,2026-04-07,21:59:44,-07:00,2026-04-07T21:59:44-07:00,0,0
style.css,59,css,a6a748b6,Matthew Viray,2026-04-07,21:59:44,-07:00,2026-04-07T21:59:44-07:00,0,5
style.css,60,css,a6a748b6,Matthew Viray,2026-04-07,21:59:44,-07:00,2026-04-07T21:59:44-07:00,1,6
style.css,61,css,a6a748b6,Matthew Viray,2026-04-07,21:59:44,-07:00,2026-04-07T21:59:44-07:00,1,20
style.css,62,css,a6a748b6,Matthew Viray,2026-04-07,21:59:44,-07:00,2026-04-07T21:59:44-07:00,1,13
style.css,63,css,a6a748b6,Matthew Viray,2026-04-07,21:59:44,-07:00,2026-04-07T21:59:44-07:00,1,17
style.css,64,css,a6a748b6,Matthew Viray,2026-04-07,21:59:44,-07:00,2026-04-07T21:59:44-07:00,1,13
style.css,65,css,a6a748b6,Matthew Viray,2026-04-07,21:59:44,-07:00,2026-04-07T21:59:44-07:00,0,0
style.css,66,css,a6a748b6,Matthew Viray,2026-04-07,21:59:44,-07:00,2026-04-07T21:59:44-07:00,0,0
style.css,67,css,a6a748b6,Matthew Viray,2026-04-07,21:59:44,-07:00,2026-04-07T21:59:44-07:00,0,13
style.css,68,css,a6a748b6,Matthew Viray,2026-04-07,21:59:44,-07:00,2026-04-07T21:59:44-07:00,1,25
style.css,69,css,a6a748b6,Matthew Viray,2026-04-07,21:59:44,-07:00,2026-04-07T21:59:44-07:00,1,25
style.css,70,css,a6a748b6,Matthew Viray,2026-04-07,21:59:44,-07:00,2026-04-07T21:59:44-07:00,1,49
style.css,71,css,a6a748b6,Matthew Viray,2026-04-07,21:59:44,-07:00,2026-04-07T21:59:44-07:00,0,0
style.css,72,css,a6a748b6,Matthew Viray,2026-04-07,21:59:44,-07:00,2026-04-07T21:59:44-07:00,0,0
style.css,73,css,a6a748b6,Matthew Viray,2026-04-07,21:59:44,-07:00,2026-04-07T21:59:44-07:00,0,11
style.css,74,css,f9bf2739,Matthew Viray,2026-04-14,17:19:44,-07:00,2026-04-14T17:19:44-07:00,1,69
style.css,75,css,a6a748b6,Matthew Viray,2026-04-07,21:59:44,-07:00,2026-04-07T21:59:44-07:00,1,25
style.css,76,css,a6a748b6,Matthew Viray,2026-04-07,21:59:44,-07:00,2026-04-07T21:59:44-07:00,1,25
style.css,77,css,a6a748b6,Matthew Viray,2026-04-07,21:59:44,-07:00,2026-04-07T21:59:44-07:00,1,39
style.css,78,css,a6a748b6,Matthew Viray,2026-04-07,21:59:44,-07:00,2026-04-07T21:59:44-07:00,0,0
style.css,79,css,a6a748b6,Matthew Viray,2026-04-07,21:59:44,-07:00,2026-04-07T21:59:44-07:00,0,0
style.css,80,css,a6a748b6,Matthew Viray,2026-04-07,21:59:44,-07:00,2026-04-07T21:59:44-07:00,0,0
style.css,81,css,a6a748b6,Matthew Viray,2026-04-07,21:59:44,-07:00,2026-04-07T21:59:44-07:00,0,9
style.css,82,css,a6a748b6,Matthew Viray,2026-04-07,21:59:44,-07:00,2026-04-07T21:59:44-07:00,1,12
style.css,83,css,a6a748b6,Matthew Viray,2026-04-07,21:59:44,-07:00,2026-04-07T21:59:44-07:00,1,58
style.css,84,css,62c0707a,Matthew Viray,2026-04-08,21:42:22,-07:00,2026-04-08T21:42:22-07:00,1,7
style.css,85,css,a6a748b6,Matthew Viray,2026-04-07,21:59:44,-07:00,2026-04-07T21:59:44-07:00,0,0
style.css,86,css,a6a748b6,Matthew Viray,2026-04-07,21:59:44,-07:00,2026-04-07T21:59:44-07:00,0,0
style.css,87,css,a6a748b6,Matthew Viray,2026-04-07,21:59:44,-07:00,2026-04-07T21:59:44-07:00,0,16
style.css,88,css,a6a748b6,Matthew Viray,2026-04-07,21:59:44,-07:00,2026-04-07T21:59:44-07:00,1,12
style.css,89,css,a6a748b6,Matthew Viray,2026-04-07,21:59:44,-07:00,2026-04-07T21:59:44-07:00,1,26
style.css,90,css,a6a748b6,Matthew Viray,2026-04-07,21:59:44,-07:00,2026-04-07T21:59:44-07:00,1,15
style.css,91,css,a6a748b6,Matthew Viray,2026-04-07,21:59:44,-07:00,2026-04-07T21:59:44-07:00,1,7
style.css,92,css,a6a748b6,Matthew Viray,2026-04-07,21:59:44,-07:00,2026-04-07T21:59:44-07:00,0,0
style.css,93,css,a6a748b6,Matthew Viray,2026-04-07,21:59:44,-07:00,2026-04-07T21:59:44-07:00,0,0
style.css,94,css,a6a748b6,Matthew Viray,2026-04-07,21:59:44,-07:00,2026-04-07T21:59:44-07:00,0,0
style.css,95,css,a6a748b6,Matthew Viray,2026-04-07,21:59:44,-07:00,2026-04-07T21:59:44-07:00,0,19
style.css,96,css,a6a748b6,Matthew Viray,2026-04-07,21:59:44,-07:00,2026-04-07T21:59:44-07:00,1,8
style.css,97,css,a6a748b6,Matthew Viray,2026-04-07,21:59:44,-07:00,2026-04-07T21:59:44-07:00,0,0
style.css,98,css,a6a748b6,Matthew Viray,2026-04-07,21:59:44,-07:00,2026-04-07T21:59:44-07:00,0,0
style.css,99,css,a6a748b6,Matthew Viray,2026-04-07,21:59:44,-07:00,2026-04-07T21:59:44-07:00,0,22
style.css,100,css,a6a748b6,Matthew Viray,2026-04-07,21:59:44,-07:00,2026-04-07T21:59:44-07:00,1,15
style.css,101,css,a6a748b6,Matthew Viray,2026-04-07,21:59:44,-07:00,2026-04-07T21:59:44-07:00,1,17
style.css,102,css,a6a748b6,Matthew Viray,2026-04-07,21:59:44,-07:00,2026-04-07T21:59:44-07:00,0,0
style.css,103,css,a6a748b6,Matthew Viray,2026-04-07,21:59:44,-07:00,2026-04-07T21:59:44-07:00,0,0
style.css,104,css,a6a748b6,Matthew Viray,2026-04-07,21:59:44,-07:00,2026-04-07T21:59:44-07:00,0,2
style.css,105,css,a6a748b6,Matthew Viray,2026-04-07,21:59:44,-07:00,2026-04-07T21:59:44-07:00,1,14
style.css,106,css,62c0707a,Matthew Viray,2026-04-08,21:42:22,-07:00,2026-04-08T21:42:22-07:00,0,0
style.css,107,css,62c0707a,Matthew Viray,2026-04-08,21:42:22,-07:00,2026-04-08T21:42:22-07:00,0,0
style.css,108,css,62c0707a,Matthew Viray,2026-04-08,21:42:22,-07:00,2026-04-08T21:42:22-07:00,0,9
style.css,109,css,62c0707a,Matthew Viray,2026-04-08,21:42:22,-07:00,2026-04-08T21:42:22-07:00,1,6
style.css,110,css,62c0707a,Matthew Viray,2026-04-08,21:42:22,-07:00,2026-04-08T21:42:22-07:00,1,20
style.css,111,css,62c0707a,Matthew Viray,2026-04-08,21:42:22,-07:00,2026-04-08T21:42:22-07:00,1,13
style.css,112,css,62c0707a,Matthew Viray,2026-04-08,21:42:22,-07:00,2026-04-08T21:42:22-07:00,1,17
style.css,113,css,62c0707a,Matthew Viray,2026-04-08,21:42:22,-07:00,2026-04-08T21:42:22-07:00,1,13
style.css,114,css,62c0707a,Matthew Viray,2026-04-08,21:42:22,-07:00,2026-04-08T21:42:22-07:00,1,13
style.css,115,css,62c0707a,Matthew Viray,2026-04-08,21:42:22,-07:00,2026-04-08T21:42:22-07:00,1,13
style.css,116,css,62c0707a,Matthew Viray,2026-04-08,21:42:22,-07:00,2026-04-08T21:42:22-07:00,0,0
style.css,117,css,62c0707a,Matthew Viray,2026-04-08,21:42:22,-07:00,2026-04-08T21:42:22-07:00,0,0
style.css,118,css,62c0707a,Matthew Viray,2026-04-08,21:42:22,-07:00,2026-04-08T21:42:22-07:00,0,0
style.css,119,css,62c0707a,Matthew Viray,2026-04-08,21:42:22,-07:00,2026-04-08T21:42:22-07:00,0,11
style.css,120,css,62c0707a,Matthew Viray,2026-04-08,21:42:22,-07:00,2026-04-08T21:42:22-07:00,1,17
style.css,121,css,62c0707a,Matthew Viray,2026-04-08,21:42:22,-07:00,2026-04-08T21:42:22-07:00,1,25
style.css,122,css,62c0707a,Matthew Viray,2026-04-08,21:42:22,-07:00,2026-04-08T21:42:22-07:00,1,25
style.css,123,css,62c0707a,Matthew Viray,2026-04-08,21:42:22,-07:00,2026-04-08T21:42:22-07:00,0,0
style.css,124,css,62c0707a,Matthew Viray,2026-04-08,21:42:22,-07:00,2026-04-08T21:42:22-07:00,0,0
style.css,125,css,62c0707a,Matthew Viray,2026-04-08,21:42:22,-07:00,2026-04-08T21:42:22-07:00,0,0
style.css,126,css,62c0707a,Matthew Viray,2026-04-08,21:42:22,-07:00,2026-04-08T21:42:22-07:00,0,15
style.css,127,css,62c0707a,Matthew Viray,2026-04-08,21:42:22,-07:00,2026-04-08T21:42:22-07:00,1,25
style.css,128,css,62c0707a,Matthew Viray,2026-04-08,21:42:22,-07:00,2026-04-08T21:42:22-07:00,1,25
style.css,129,css,62c0707a,Matthew Viray,2026-04-08,21:42:22,-07:00,2026-04-08T21:42:22-07:00,0,0
style.css,130,css,62c0707a,Matthew Viray,2026-04-08,21:42:22,-07:00,2026-04-08T21:42:22-07:00,0,0
style.css,131,css,62c0707a,Matthew Viray,2026-04-08,21:42:22,-07:00,2026-04-08T21:42:22-07:00,0,0
style.css,132,css,62c0707a,Matthew Viray,2026-04-08,21:42:22,-07:00,2026-04-08T21:42:22-07:00,0,0
style.css,133,css,62c0707a,Matthew Viray,2026-04-08,21:42:22,-07:00,2026-04-08T21:42:22-07:00,0,0
style.css,134,css,62c0707a,Matthew Viray,2026-04-08,21:42:22,-07:00,2026-04-08T21:42:22-07:00,0,18
style.css,135,css,62c0707a,Matthew Viray,2026-04-08,21:42:22,-07:00,2026-04-08T21:42:22-07:00,1,12
style.css,136,css,62c0707a,Matthew Viray,2026-04-08,21:42:22,-07:00,2026-04-08T21:42:22-07:00,1,14
style.css,137,css,62c0707a,Matthew Viray,2026-04-08,21:42:22,-07:00,2026-04-08T21:42:22-07:00,1,9
style.css,138,css,62c0707a,Matthew Viray,2026-04-08,21:42:22,-07:00,2026-04-08T21:42:22-07:00,1,15
style.css,139,css,62c0707a,Matthew Viray,2026-04-08,21:42:22,-07:00,2026-04-08T21:42:22-07:00,1,9
style.css,140,css,62c0707a,Matthew Viray,2026-04-08,21:42:22,-07:00,2026-04-08T21:42:22-07:00,0,0
style.css,141,css,62c0707a,Matthew Viray,2026-04-08,21:42:22,-07:00,2026-04-08T21:42:22-07:00,0,18
style.css,142,css,62c0707a,Matthew Viray,2026-04-08,21:42:22,-07:00,2026-04-08T21:42:22-07:00,1,38
style.css,143,css,62c0707a,Matthew Viray,2026-04-08,21:42:22,-07:00,2026-04-08T21:42:22-07:00,1,19
style.css,144,css,62c0707a,Matthew Viray,2026-04-08,21:42:22,-07:00,2026-04-08T21:42:22-07:00,1,19
style.css,145,css,62c0707a,Matthew Viray,2026-04-08,21:42:22,-07:00,2026-04-08T21:42:22-07:00,0,0
style.css,146,css,62c0707a,Matthew Viray,2026-04-08,21:42:22,-07:00,2026-04-08T21:42:22-07:00,0,0
style.css,147,css,62c0707a,Matthew Viray,2026-04-08,21:42:22,-07:00,2026-04-08T21:42:22-07:00,0,30
style.css,148,css,62c0707a,Matthew Viray,2026-04-08,21:42:22,-07:00,2026-04-08T21:42:22-07:00,1,12
style.css,149,css,62c0707a,Matthew Viray,2026-04-08,21:42:22,-07:00,2026-04-08T21:42:22-07:00,1,29
style.css,150,css,62c0707a,Matthew Viray,2026-04-08,21:42:22,-07:00,2026-04-08T21:42:22-07:00,1,20
style.css,151,css,62c0707a,Matthew Viray,2026-04-08,21:42:22,-07:00,2026-04-08T21:42:22-07:00,0,0
style.css,152,css,62c0707a,Matthew Viray,2026-04-08,21:42:22,-07:00,2026-04-08T21:42:22-07:00,0,0
style.css,153,css,62c0707a,Matthew Viray,2026-04-08,21:42:22,-07:00,2026-04-08T21:42:22-07:00,0,0
style.css,154,css,62c0707a,Matthew Viray,2026-04-08,21:42:22,-07:00,2026-04-08T21:42:22-07:00,0,16
style.css,155,css,62c0707a,Matthew Viray,2026-04-08,21:42:22,-07:00,2026-04-08T21:42:22-07:00,1,13
style.css,156,css,62c0707a,Matthew Viray,2026-04-08,21:42:22,-07:00,2026-04-08T21:42:22-07:00,1,18
style.css,157,css,62c0707a,Matthew Viray,2026-04-08,21:42:22,-07:00,2026-04-08T21:42:22-07:00,1,21
style.css,158,css,f9bf2739,Matthew Viray,2026-04-14,17:19:44,-07:00,2026-04-14T17:19:44-07:00,0,0
style.css,159,css,f9bf2739,Matthew Viray,2026-04-14,17:19:44,-07:00,2026-04-14T17:19:44-07:00,0,0
style.css,160,css,f9bf2739,Matthew Viray,2026-04-14,17:19:44,-07:00,2026-04-14T17:19:44-07:00,0,13
style.css,161,css,f9bf2739,Matthew Viray,2026-04-14,17:19:44,-07:00,2026-04-14T17:19:44-07:00,1,17
style.css,162,css,f9bf2739,Matthew Viray,2026-04-14,17:19:44,-07:00,2026-04-14T17:19:44-07:00,1,10
style.css,163,css,f9bf2739,Matthew Viray,2026-04-14,17:19:44,-07:00,2026-04-14T17:19:44-07:00,1,12
style.css,164,css,f9bf2739,Matthew Viray,2026-04-14,17:19:44,-07:00,2026-04-14T17:19:44-07:00,1,13
style.css,165,css,f9bf2739,Matthew Viray,2026-04-14,17:19:44,-07:00,2026-04-14T17:19:44-07:00,0,0
style.css,166,css,d5f7da32,Matthew Viray,2026-04-23,21:37:40,-07:00,2026-04-23T21:37:40-07:00,0,0
style.css,167,css,d5f7da32,Matthew Viray,2026-04-23,21:37:40,-07:00,2026-04-23T21:37:40-07:00,0,17
style.css,168,css,d5f7da32,Matthew Viray,2026-04-23,21:37:40,-07:00,2026-04-23T21:37:40-07:00,1,12
style.css,169,css,d5f7da32,Matthew Viray,2026-04-23,21:37:40,-07:00,2026-04-23T21:37:40-07:00,1,36
style.css,170,css,d5f7da32,Matthew Viray,2026-04-23,21:37:40,-07:00,2026-04-23T21:37:40-07:00,0,0
style.css,171,css,d5f7da32,Matthew Viray,2026-04-23,21:37:40,-07:00,2026-04-23T21:37:40-07:00,0,0
style.css,172,css,d5f7da32,Matthew Viray,2026-04-23,21:37:40,-07:00,2026-04-23T21:37:40-07:00,0,17
style.css,173,css,d5f7da32,Matthew Viray,2026-04-23,21:37:40,-07:00,2026-04-23T21:37:40-07:00,1,10
style.css,174,css,d5f7da32,Matthew Viray,2026-04-23,21:37:40,-07:00,2026-04-23T21:37:40-07:00,0,0
style.css,175,css,d5f7da32,Matthew Viray,2026-04-23,21:37:40,-07:00,2026-04-23T21:37:40-07:00,0,0
style.css,176,css,d5f7da32,Matthew Viray,2026-04-23,21:37:40,-07:00,2026-04-23T21:37:40-07:00,0,17
style.css,177,css,d5f7da32,Matthew Viray,2026-04-23,21:37:40,-07:00,2026-04-23T21:37:40-07:00,1,10
style.css,178,css,d5f7da32,Matthew Viray,2026-04-23,21:37:40,-07:00,2026-04-23T21:37:40-07:00,1,15
style.css,179,css,d5f7da32,Matthew Viray,2026-04-23,21:37:40,-07:00,2026-04-23T21:37:40-07:00,0,0
style.css,180,css,a1499d40,Matthew Viray,2026-04-29,14:43:13,-07:00,2026-04-29T14:43:13-07:00,0,0
style.css,181,css,a1499d40,Matthew Viray,2026-04-29,14:43:13,-07:00,2026-04-29T14:43:13-07:00,0,5
style.css,182,css,a1499d40,Matthew Viray,2026-04-29,14:43:13,-07:00,2026-04-29T14:43:13-07:00,1,23
style.css,183,css,a1499d40,Matthew Viray,2026-04-29,14:43:13,-07:00,2026-04-29T14:43:13-07:00,1,34
style.css,184,css,a1499d40,Matthew Viray,2026-04-29,14:43:13,-07:00,2026-04-29T14:43:13-07:00,0,0
style.css,185,css,a1499d40,Matthew Viray,2026-04-29,14:43:13,-07:00,2026-04-29T14:43:13-07:00,0,0
style.css,186,css,a1499d40,Matthew Viray,2026-04-29,14:43:13,-07:00,2026-04-29T14:43:13-07:00,0,18
style.css,187,css,a1499d40,Matthew Viray,2026-04-29,14:43:13,-07:00,2026-04-29T14:43:13-07:00,1,14
style.css,188,css,a1499d40,Matthew Viray,2026-04-29,14:43:13,-07:00,2026-04-29T14:43:13-07:00,1,16
style.css,189,css,a1499d40,Matthew Viray,2026-04-29,14:43:13,-07:00,2026-04-29T14:43:13-07:00,0,0
style.css,190,css,a1499d40,Matthew Viray,2026-04-29,14:43:13,-07:00,2026-04-29T14:43:13-07:00,0,0
style.css,191,css,a1499d40,Matthew Viray,2026-04-29,14:43:13,-07:00,2026-04-29T14:43:13-07:00,0,10
style.css,192,css,a1499d40,Matthew Viray,2026-04-29,14:43:13,-07:00,2026-04-29T14:43:13-07:00,1,12
style.css,193,css,a1499d40,Matthew Viray,2026-04-29,14:43:13,-07:00,2026-04-29T14:43:13-07:00,1,18
style.css,194,css,a1499d40,Matthew Viray,2026-04-29,14:43:13,-07:00,2026-04-29T14:43:13-07:00,1,7
style.css,195,css,a1499d40,Matthew Viray,2026-04-29,14:43:13,-07:00,2026-04-29T14:43:13-07:00,1,16
style.css,196,css,a1499d40,Matthew Viray,2026-04-29,14:43:13,-07:00,2026-04-29T14:43:13-07:00,0,0
style.css,197,css,a1499d40,Matthew Viray,2026-04-29,14:43:13,-07:00,2026-04-29T14:43:13-07:00,0,0
style.css,198,css,a1499d40,Matthew Viray,2026-04-29,14:43:13,-07:00,2026-04-29T14:43:13-07:00,0,7
style.css,199,css,a1499d40,Matthew Viray,2026-04-29,14:43:13,-07:00,2026-04-29T14:43:13-07:00,1,12
style.css,200,css,a1499d40,Matthew Viray,2026-04-29,14:43:13,-07:00,2026-04-29T14:43:13-07:00,1,57
style.css,201,css,a1499d40,Matthew Viray,2026-04-29,14:43:13,-07:00,2026-04-29T14:43:13-07:00,1,9
style.css,202,css,a1499d40,Matthew Viray,2026-04-29,14:43:13,-07:00,2026-04-29T14:43:13-07:00,1,38
style.css,203,css,a1499d40,Matthew Viray,2026-04-29,14:43:13,-07:00,2026-04-29T14:43:13-07:00,1,11
style.css,204,css,a1499d40,Matthew Viray,2026-04-29,14:43:13,-07:00,2026-04-29T14:43:13-07:00,1,8
style.css,205,css,a1499d40,Matthew Viray,2026-04-29,14:43:13,-07:00,2026-04-29T14:43:13-07:00,1,15
style.css,206,css,a1499d40,Matthew Viray,2026-04-29,14:43:13,-07:00,2026-04-29T14:43:13-07:00,1,6
style.css,207,css,a1499d40,Matthew Viray,2026-04-29,14:43:13,-07:00,2026-04-29T14:43:13-07:00,0,0
style.css,208,css,a1499d40,Matthew Viray,2026-04-29,14:43:13,-07:00,2026-04-29T14:43:13-07:00,0,0
style.css,209,css,a1499d40,Matthew Viray,2026-04-29,14:43:13,-07:00,2026-04-29T14:43:13-07:00,0,12
style.css,210,css,a1499d40,Matthew Viray,2026-04-29,14:43:13,-07:00,2026-04-29T14:43:13-07:00,1,12
style.css,211,css,a1499d40,Matthew Viray,2026-04-29,14:43:13,-07:00,2026-04-29T14:43:13-07:00,1,18
style.css,212,css,a1499d40,Matthew Viray,2026-04-29,14:43:13,-07:00,2026-04-29T14:43:13-07:00,1,9
style.css,213,css,a1499d40,Matthew Viray,2026-04-29,14:43:13,-07:00,2026-04-29T14:43:13-07:00,0,0
style.css,214,css,a1499d40,Matthew Viray,2026-04-29,14:43:13,-07:00,2026-04-29T14:43:13-07:00,0,0
style.css,215,css,a1499d40,Matthew Viray,2026-04-29,14:43:13,-07:00,2026-04-29T14:43:13-07:00,0,7
style.css,216,css,a1499d40,Matthew Viray,2026-04-29,14:43:13,-07:00,2026-04-29T14:43:13-07:00,1,20
style.css,217,css,a1499d40,Matthew Viray,2026-04-29,14:43:13,-07:00,2026-04-29T14:43:13-07:00,1,9
style.css,218,css,a1499d40,Matthew Viray,2026-04-29,14:43:13,-07:00,2026-04-29T14:43:13-07:00,1,18
style.css,219,css,a1499d40,Matthew Viray,2026-04-29,14:43:13,-07:00,2026-04-29T14:43:13-07:00,1,17
style.css,220,css,a1499d40,Matthew Viray,2026-04-29,14:43:13,-07:00,2026-04-29T14:43:13-07:00,1,29
style.css,221,css,2cbcb3ff,Matthew Viray,2026-04-29,21:35:10,-07:00,2026-04-29T21:35:10-07:00,0,0
style.css,222,css,2cbcb3ff,Matthew Viray,2026-04-29,21:35:10,-07:00,2026-04-29T21:35:10-07:00,0,0
style.css,223,css,2cbcb3ff,Matthew Viray,2026-04-29,21:35:10,-07:00,2026-04-29T21:35:10-07:00,0,16
style.css,224,css,2cbcb3ff,Matthew Viray,2026-04-29,21:35:10,-07:00,2026-04-29T21:35:10-07:00,1,16
style.css,225,css,2cbcb3ff,Matthew Viray,2026-04-29,21:35:10,-07:00,2026-04-29T21:35:10-07:00,2,11
style.css,226,css,2cbcb3ff,Matthew Viray,2026-04-29,21:35:10,-07:00,2026-04-29T21:35:10-07:00,1,0
style.css,227,css,2cbcb3ff,Matthew Viray,2026-04-29,21:35:10,-07:00,2026-04-29T21:35:10-07:00,0,0
style.css,228,css,2cbcb3ff,Matthew Viray,2026-04-29,21:35:10,-07:00,2026-04-29T21:35:10-07:00,0,0
style.css,229,css,2cbcb3ff,Matthew Viray,2026-04-29,21:35:10,-07:00,2026-04-29T21:35:10-07:00,0,4
style.css,230,css,2cbcb3ff,Matthew Viray,2026-04-29,21:35:10,-07:00,2026-04-29T21:35:10-07:00,1,16
style.css,231,css,2cbcb3ff,Matthew Viray,2026-04-29,21:35:10,-07:00,2026-04-29T21:35:10-07:00,1,14
style.css,232,css,2cbcb3ff,Matthew Viray,2026-04-29,21:35:10,-07:00,2026-04-29T21:35:10-07:00,0,0
style.css,233,css,2cbcb3ff,Matthew Viray,2026-04-29,21:35:10,-07:00,2026-04-29T21:35:10-07:00,0,0
style.css,234,css,2cbcb3ff,Matthew Viray,2026-04-29,21:35:10,-07:00,2026-04-29T21:35:10-07:00,0,9
style.css,235,css,2cbcb3ff,Matthew Viray,2026-04-29,21:35:10,-07:00,2026-04-29T21:35:10-07:00,1,35
style.css,236,css,2cbcb3ff,Matthew Viray,2026-04-29,21:35:10,-07:00,2026-04-29T21:35:10-07:00,0,0
style.css,237,css,2cbcb3ff,Matthew Viray,2026-04-29,21:35:10,-07:00,2026-04-29T21:35:10-07:00,1,10
style.css,238,css,2cbcb3ff,Matthew Viray,2026-04-29,21:35:10,-07:00,2026-04-29T21:35:10-07:00,2,17
style.css,239,css,2cbcb3ff,Matthew Viray,2026-04-29,21:35:10,-07:00,2026-04-29T21:35:10-07:00,1,0
style.css,240,css,c2f2a429,Matthew Viray,2026-04-29,21:40:28,-07:00,2026-04-29T21:40:28-07:00,0,0
style.css,241,css,c2f2a429,Matthew Viray,2026-04-29,21:40:28,-07:00,2026-04-29T21:40:28-07:00,0,0
style.css,242,css,c2f2a429,Matthew Viray,2026-04-29,21:40:28,-07:00,2026-04-29T21:40:28-07:00,0,10
style.css,243,css,c2f2a429,Matthew Viray,2026-04-29,21:40:28,-07:00,2026-04-29T21:40:28-07:00,1,13
style.css,244,css,c2f2a429,Matthew Viray,2026-04-29,21:40:28,-07:00,2026-04-29T21:40:28-07:00,1,10
style.css,245,css,c2f2a429,Matthew Viray,2026-04-29,21:40:28,-07:00,2026-04-29T21:40:28-07:00,1,17
style.css,246,css,c2f2a429,Matthew Viray,2026-04-29,21:40:28,-07:00,2026-04-29T21:40:28-07:00,1,11
style.css,247,css,c2f2a429,Matthew Viray,2026-04-29,21:40:28,-07:00,2026-04-29T21:40:28-07:00,1,17
style.css,248,css,c2f2a429,Matthew Viray,2026-04-29,21:40:28,-07:00,2026-04-29T21:40:28-07:00,1,38
style.css,249,css,c2f2a429,Matthew Viray,2026-04-29,21:40:28,-07:00,2026-04-29T21:40:28-07:00,1,20
style.css,250,css,c2f2a429,Matthew Viray,2026-04-29,21:40:28,-07:00,2026-04-29T21:40:28-07:00,1,21
style.css,251,css,a1499d40,Matthew Viray,2026-04-29,14:43:13,-07:00,2026-04-29T14:43:13-07:00,0,0
index.js,1,js,c2f2a429,Matthew Viray,2026-04-29,21:40:28,-07:00,2026-04-29T21:40:28-07:00,0,71
index.js,2,js,d5f7da32,Matthew Viray,2026-04-23,21:37:40,-07:00,2026-04-23T21:37:40-07:00,0,0
index.js,3,js,d5f7da32,Matthew Viray,2026-04-23,21:37:40,-07:00,2026-04-23T21:37:40-07:00,0,54
index.js,4,js,c2f2a429,Matthew Viray,2026-04-29,21:40:28,-07:00,2026-04-29T21:40:28-07:00,0,42
index.js,5,js,d5f7da32,Matthew Viray,2026-04-23,21:37:40,-07:00,2026-04-23T21:37:40-07:00,0,60
index.js,6,js,d5f7da32,Matthew Viray,2026-04-23,21:37:40,-07:00,2026-04-23T21:37:40-07:00,0,54
index.js,7,js,d5f7da32,Matthew Viray,2026-04-23,21:37:40,-07:00,2026-04-23T21:37:40-07:00,0,0
index.js,8,js,d5f7da32,Matthew Viray,2026-04-23,21:37:40,-07:00,2026-04-23T21:37:40-07:00,0,55
index.js,9,js,d5f7da32,Matthew Viray,2026-04-23,21:37:40,-07:00,2026-04-23T21:37:40-07:00,0,60
index.js,10,js,d5f7da32,Matthew Viray,2026-04-23,21:37:40,-07:00,2026-04-23T21:37:40-07:00,0,17
index.js,11,js,d5f7da32,Matthew Viray,2026-04-23,21:37:40,-07:00,2026-04-23T21:37:40-07:00,1,24
index.js,12,js,d5f7da32,Matthew Viray,2026-04-23,21:37:40,-07:00,2026-04-23T21:37:40-07:00,4,2
index.js,13,js,d5f7da32,Matthew Viray,2026-04-23,21:37:40,-07:00,2026-04-23T21:37:40-07:00,5,55
index.js,14,js,d5f7da32,Matthew Viray,2026-04-23,21:37:40,-07:00,2026-04-23T21:37:40-07:00,5,55
index.js,15,js,d5f7da32,Matthew Viray,2026-04-23,21:37:40,-07:00,2026-04-23T21:37:40-07:00,5,49
index.js,16,js,d5f7da32,Matthew Viray,2026-04-23,21:37:40,-07:00,2026-04-23T21:37:40-07:00,5,49
index.js,17,js,d5f7da32,Matthew Viray,2026-04-23,21:37:40,-07:00,2026-04-23T21:37:40-07:00,4,3
index.js,18,js,d5f7da32,Matthew Viray,2026-04-23,21:37:40,-07:00,2026-04-23T21:37:40-07:00,2,0
index.js,19,js,d5f7da32,Matthew Viray,2026-04-23,21:37:40,-07:00,2026-04-23T21:37:40-07:00,0,0
index.html,1,html,03b1df64,Matthew Viray,2026-04-01,18:40:01,-07:00,2026-04-01T18:40:01-07:00,0,13
index.html,2,html,03b1df64,Matthew Viray,2026-04-01,18:40:01,-07:00,2026-04-01T18:40:01-07:00,0,14
index.html,3,html,03b1df64,Matthew Viray,2026-04-01,18:40:01,-07:00,2026-04-01T18:40:01-07:00,0,4
index.html,4,html,03b1df64,Matthew Viray,2026-04-01,18:40:01,-07:00,2026-04-01T18:40:01-07:00,2,20
index.html,5,html,03b1df64,Matthew Viray,2026-04-01,18:40:01,-07:00,2026-04-01T18:40:01-07:00,2,68
index.html,6,html,03b1df64,Matthew Viray,2026-04-01,18:40:01,-07:00,2026-04-01T18:40:01-07:00,2,55
index.html,7,html,14c11608,Matthew Viray,2026-04-01,20:25:11,-07:00,2026-04-01T20:25:11-07:00,2,38
index.html,8,html,22cb87cf,Matthew Viray,2026-04-14,15:01:20,-07:00,2026-04-14T15:01:20-07:00,2,47
index.html,9,html,d5f7da32,Matthew Viray,2026-04-23,21:37:40,-07:00,2026-04-23T21:37:40-07:00,2,50
index.html,10,html,d5f7da32,Matthew Viray,2026-04-23,21:37:40,-07:00,2026-04-23T21:37:40-07:00,0,0
index.html,11,html,03b1df64,Matthew Viray,2026-04-01,18:40:01,-07:00,2026-04-01T18:40:01-07:00,0,5
index.html,12,html,03b1df64,Matthew Viray,2026-04-01,18:40:01,-07:00,2026-04-01T18:40:01-07:00,0,4
index.html,13,html,22cb87cf,Matthew Viray,2026-04-14,15:01:20,-07:00,2026-04-14T15:01:20-07:00,0,0
index.html,14,html,22cb87cf,Matthew Viray,2026-04-14,15:01:20,-07:00,2026-04-14T15:01:20-07:00,0,0
index.html,15,html,22cb87cf,Matthew Viray,2026-04-14,15:01:20,-07:00,2026-04-14T15:01:20-07:00,0,0
index.html,16,html,14c11608,Matthew Viray,2026-04-01,20:25:11,-07:00,2026-04-01T20:25:11-07:00,0,0
index.html,17,html,03b1df64,Matthew Viray,2026-04-01,18:40:01,-07:00,2026-04-01T18:40:01-07:00,2,20
index.html,18,html,03b1df64,Matthew Viray,2026-04-01,18:40:01,-07:00,2026-04-01T18:40:01-07:00,2,73
index.html,19,html,03b1df64,Matthew Viray,2026-04-01,18:40:01,-07:00,2026-04-01T18:40:01-07:00,4,69
index.html,20,html,03b1df64,Matthew Viray,2026-04-01,18:40:01,-07:00,2026-04-01T18:40:01-07:00,4,58
index.html,21,html,0888109a,Matthew Viray,2026-04-01,18:45:22,-07:00,2026-04-01T18:45:22-07:00,4,71
index.html,22,html,03b1df64,Matthew Viray,2026-04-01,18:40:01,-07:00,2026-04-01T18:40:01-07:00,4,19
index.html,23,html,1cc261ae,Matthew Viray,2026-04-01,18:53:45,-07:00,2026-04-01T18:53:45-07:00,2,82
index.html,24,html,d5f7da32,Matthew Viray,2026-04-23,21:37:40,-07:00,2026-04-23T21:37:40-07:00,0,0
index.html,25,html,d5f7da32,Matthew Viray,2026-04-23,21:37:40,-07:00,2026-04-23T21:37:40-07:00,2,22
index.html,26,html,d5f7da32,Matthew Viray,2026-04-23,21:37:40,-07:00,2026-04-23T21:37:40-07:00,2,22
index.html,27,html,d5f7da32,Matthew Viray,2026-04-23,21:37:40,-07:00,2026-04-23T21:37:40-07:00,3,51
index.html,28,html,d5f7da32,Matthew Viray,2026-04-23,21:37:40,-07:00,2026-04-23T21:37:40-07:00,2,4
index.html,29,html,d5f7da32,Matthew Viray,2026-04-23,21:37:40,-07:00,2026-04-23T21:37:40-07:00,2,0
index.html,30,html,d5f7da32,Matthew Viray,2026-04-23,21:37:40,-07:00,2026-04-23T21:37:40-07:00,2,22
index.html,31,html,d5f7da32,Matthew Viray,2026-04-23,21:37:40,-07:00,2026-04-23T21:37:40-07:00,2,20
index.html,32,html,d5f7da32,Matthew Viray,2026-04-23,21:37:40,-07:00,2026-04-23T21:37:40-07:00,2,49
index.html,33,html,d5f7da32,Matthew Viray,2026-04-23,21:37:40,-07:00,2026-04-23T21:37:40-07:00,2,4
index.html,34,html,03b1df64,Matthew Viray,2026-04-01,18:40:01,-07:00,2026-04-01T18:40:01-07:00,0,5
index.html,35,html,03b1df64,Matthew Viray,2026-04-01,18:40:01,-07:00,2026-04-01T18:40:01-07:00,0,5
global.js,1,js,22cb87cf,Matthew Viray,2026-04-14,15:01:20,-07:00,2026-04-14T15:01:20-07:00,0,25
global.js,2,js,22cb87cf,Matthew Viray,2026-04-14,15:01:20,-07:00,2026-04-14T15:01:20-07:00,0,0
global.js,3,js,22cb87cf,Matthew Viray,2026-04-14,15:01:20,-07:00,2026-04-14T15:01:20-07:00,0,44
global.js,4,js,22cb87cf,Matthew Viray,2026-04-14,15:01:20,-07:00,2026-04-14T15:01:20-07:00,0,57
global.js,5,js,22cb87cf,Matthew Viray,2026-04-14,15:01:20,-07:00,2026-04-14T15:01:20-07:00,0,2
global.js,6,js,22cb87cf,Matthew Viray,2026-04-14,15:01:20,-07:00,2026-04-14T15:01:20-07:00,0,0
global.js,7,js,22cb87cf,Matthew Viray,2026-04-14,15:01:20,-07:00,2026-04-14T15:01:20-07:00,0,29
global.js,8,js,22cb87cf,Matthew Viray,2026-04-14,15:01:20,-07:00,2026-04-14T15:01:20-07:00,0,0
global.js,9,js,22cb87cf,Matthew Viray,2026-04-14,15:01:20,-07:00,2026-04-14T15:01:20-07:00,0,33
global.js,10,js,22cb87cf,Matthew Viray,2026-04-14,15:01:20,-07:00,2026-04-14T15:01:20-07:00,0,71
global.js,11,js,22cb87cf,Matthew Viray,2026-04-14,15:01:20,-07:00,2026-04-14T15:01:20-07:00,0,3
global.js,12,js,22cb87cf,Matthew Viray,2026-04-14,15:01:20,-07:00,2026-04-14T15:01:20-07:00,0,0
global.js,13,js,22cb87cf,Matthew Viray,2026-04-14,15:01:20,-07:00,2026-04-14T15:01:20-07:00,0,39
global.js,14,js,22cb87cf,Matthew Viray,2026-04-14,15:01:20,-07:00,2026-04-14T15:01:20-07:00,0,0
global.js,15,js,22cb87cf,Matthew Viray,2026-04-14,15:01:20,-07:00,2026-04-14T15:01:20-07:00,0,11
global.js,16,js,22cb87cf,Matthew Viray,2026-04-14,15:01:20,-07:00,2026-04-14T15:01:20-07:00,1,25
global.js,17,js,22cb87cf,Matthew Viray,2026-04-14,15:01:20,-07:00,2026-04-14T15:01:20-07:00,1,38
global.js,18,js,22cb87cf,Matthew Viray,2026-04-14,15:01:20,-07:00,2026-04-14T15:01:20-07:00,1,36
global.js,19,js,00000000,Not Committed Yet,2026-05-08,13:32:41,-07:00,2026-05-08T13:32:41-07:00,1,30
global.js,20,js,22cb87cf,Matthew Viray,2026-04-14,15:01:20,-07:00,2026-04-14T15:01:20-07:00,1,58
global.js,21,js,22cb87cf,Matthew Viray,2026-04-14,15:01:20,-07:00,2026-04-14T15:01:20-07:00,1,33
global.js,22,js,22cb87cf,Matthew Viray,2026-04-14,15:01:20,-07:00,2026-04-14T15:01:20-07:00,0,0
global.js,23,js,22cb87cf,Matthew Viray,2026-04-14,15:01:20,-07:00,2026-04-14T15:01:20-07:00,0,0
global.js,24,js,22cb87cf,Matthew Viray,2026-04-14,15:01:20,-07:00,2026-04-14T15:01:20-07:00,0,0
global.js,25,js,8e63158d,Matthew Viray,2026-04-24,10:47:24,-07:00,2026-04-24T10:47:24-07:00,0,95
global.js,26,js,22cb87cf,Matthew Viray,2026-04-14,15:01:20,-07:00,2026-04-14T15:01:20-07:00,1,36
global.js,27,js,62330c07,Matthew Viray,2026-04-15,14:32:17,-07:00,2026-04-15T14:32:17-07:00,1,48
global.js,28,js,22cb87cf,Matthew Viray,2026-04-14,15:01:20,-07:00,2026-04-14T15:01:20-07:00,0,0
global.js,29,js,22cb87cf,Matthew Viray,2026-04-14,15:01:20,-07:00,2026-04-14T15:01:20-07:00,0,38
global.js,30,js,22cb87cf,Matthew Viray,2026-04-14,15:01:20,-07:00,2026-04-14T15:01:20-07:00,0,25
global.js,31,js,22cb87cf,Matthew Viray,2026-04-14,15:01:20,-07:00,2026-04-14T15:01:20-07:00,0,0
global.js,32,js,22cb87cf,Matthew Viray,2026-04-14,15:01:20,-07:00,2026-04-14T15:01:20-07:00,0,20
global.js,33,js,22cb87cf,Matthew Viray,2026-04-14,15:01:20,-07:00,2026-04-14T15:01:20-07:00,1,14
global.js,34,js,22cb87cf,Matthew Viray,2026-04-14,15:01:20,-07:00,2026-04-14T15:01:20-07:00,1,18
global.js,35,js,22cb87cf,Matthew Viray,2026-04-14,15:01:20,-07:00,2026-04-14T15:01:20-07:00,1,41
global.js,36,js,22cb87cf,Matthew Viray,2026-04-14,15:01:20,-07:00,2026-04-14T15:01:20-07:00,0,0
global.js,37,js,22cb87cf,Matthew Viray,2026-04-14,15:01:20,-07:00,2026-04-14T15:01:20-07:00,2,52
global.js,38,js,22cb87cf,Matthew Viray,2026-04-14,15:01:20,-07:00,2026-04-14T15:01:20-07:00,0,0
global.js,39,js,22cb87cf,Matthew Viray,2026-04-14,15:01:20,-07:00,2026-04-14T15:01:20-07:00,1,34
global.js,40,js,22cb87cf,Matthew Viray,2026-04-14,15:01:20,-07:00,2026-04-14T15:01:20-07:00,1,11
global.js,41,js,22cb87cf,Matthew Viray,2026-04-14,15:01:20,-07:00,2026-04-14T15:01:20-07:00,1,20
global.js,42,js,22cb87cf,Matthew Viray,2026-04-14,15:01:20,-07:00,2026-04-14T15:01:20-07:00,1,11
global.js,43,js,22cb87cf,Matthew Viray,2026-04-14,15:01:20,-07:00,2026-04-14T15:01:20-07:00,0,0
global.js,44,js,22cb87cf,Matthew Viray,2026-04-14,15:01:20,-07:00,2026-04-14T15:01:20-07:00,1,17
global.js,45,js,22cb87cf,Matthew Viray,2026-04-14,15:01:20,-07:00,2026-04-14T15:01:20-07:00,1,8
global.js,46,js,22cb87cf,Matthew Viray,2026-04-14,15:01:20,-07:00,2026-04-14T15:01:20-07:00,1,59
global.js,47,js,22cb87cf,Matthew Viray,2026-04-14,15:01:20,-07:00,2026-04-14T15:01:20-07:00,1,0
global.js,48,js,22cb87cf,Matthew Viray,2026-04-14,15:01:20,-07:00,2026-04-14T15:01:20-07:00,1,0
global.js,49,js,22cb87cf,Matthew Viray,2026-04-14,15:01:20,-07:00,2026-04-14T15:01:20-07:00,1,52
global.js,50,js,22cb87cf,Matthew Viray,2026-04-14,15:01:20,-07:00,2026-04-14T15:01:20-07:00,0,0
global.js,51,js,22cb87cf,Matthew Viray,2026-04-14,15:01:20,-07:00,2026-04-14T15:01:20-07:00,0,0
global.js,52,js,f9bf2739,Matthew Viray,2026-04-14,17:19:44,-07:00,2026-04-14T17:19:44-07:00,0,31
global.js,53,js,f9bf2739,Matthew Viray,2026-04-14,17:19:44,-07:00,2026-04-14T17:19:44-07:00,1,11
global.js,54,js,f9bf2739,Matthew Viray,2026-04-14,17:19:44,-07:00,2026-04-14T17:19:44-07:00,1,0
global.js,55,js,f9bf2739,Matthew Viray,2026-04-14,17:19:44,-07:00,2026-04-14T17:19:44-07:00,0,26
global.js,56,js,f9bf2739,Matthew Viray,2026-04-14,17:19:44,-07:00,2026-04-14T17:19:44-07:00,0,4
global.js,57,js,f9bf2739,Matthew Viray,2026-04-14,17:19:44,-07:00,2026-04-14T17:19:44-07:00,0,6
global.js,58,js,f9bf2739,Matthew Viray,2026-04-14,17:19:44,-07:00,2026-04-14T17:19:44-07:00,3,43
global.js,59,js,f9bf2739,Matthew Viray,2026-04-14,17:19:44,-07:00,2026-04-14T17:19:44-07:00,3,34
global.js,60,js,f9bf2739,Matthew Viray,2026-04-14,17:19:44,-07:00,2026-04-14T17:19:44-07:00,3,32
global.js,61,js,f9bf2739,Matthew Viray,2026-04-14,17:19:44,-07:00,2026-04-14T17:19:44-07:00,0,7
global.js,62,js,f9bf2739,Matthew Viray,2026-04-14,17:19:44,-07:00,2026-04-14T17:19:44-07:00,0,8
global.js,63,js,f9bf2739,Matthew Viray,2026-04-14,17:19:44,-07:00,2026-04-14T17:19:44-07:00,0,0
global.js,64,js,f9bf2739,Matthew Viray,2026-04-14,17:19:44,-07:00,2026-04-14T17:19:44-07:00,0,0
global.js,65,js,f9bf2739,Matthew Viray,2026-04-14,17:19:44,-07:00,2026-04-14T17:19:44-07:00,0,58
global.js,66,js,f9bf2739,Matthew Viray,2026-04-14,17:19:44,-07:00,2026-04-14T17:19:44-07:00,0,0
global.js,67,js,f9bf2739,Matthew Viray,2026-04-14,17:19:44,-07:00,2026-04-14T17:19:44-07:00,0,48
global.js,68,js,f9bf2739,Matthew Viray,2026-04-14,17:19:44,-07:00,2026-04-14T17:19:44-07:00,1,57
global.js,69,js,f9bf2739,Matthew Viray,2026-04-14,17:19:44,-07:00,2026-04-14T17:19:44-07:00,1,44
global.js,70,js,f9bf2739,Matthew Viray,2026-04-14,17:19:44,-07:00,2026-04-14T17:19:44-07:00,1,77
global.js,71,js,f9bf2739,Matthew Viray,2026-04-14,17:19:44,-07:00,2026-04-14T17:19:44-07:00,0,0
global.js,72,js,f9bf2739,Matthew Viray,2026-04-14,17:19:44,-07:00,2026-04-14T17:19:44-07:00,0,0
global.js,73,js,f9bf2739,Matthew Viray,2026-04-14,17:19:44,-07:00,2026-04-14T17:19:44-07:00,0,0
global.js,74,js,f9bf2739,Matthew Viray,2026-04-14,17:19:44,-07:00,2026-04-14T17:19:44-07:00,0,29
global.js,75,js,f9bf2739,Matthew Viray,2026-04-14,17:19:44,-07:00,2026-04-14T17:19:44-07:00,1,83
global.js,76,js,f9bf2739,Matthew Viray,2026-04-14,17:19:44,-07:00,2026-04-14T17:19:44-07:00,1,38
global.js,77,js,f9bf2739,Matthew Viray,2026-04-14,17:19:44,-07:00,2026-04-14T17:19:44-07:00,0,0
global.js,78,js,f9bf2739,Matthew Viray,2026-04-14,17:19:44,-07:00,2026-04-14T17:19:44-07:00,0,0
global.js,79,js,f9bf2739,Matthew Viray,2026-04-14,17:19:44,-07:00,2026-04-14T17:19:44-07:00,0,40
global.js,80,js,f9bf2739,Matthew Viray,2026-04-14,17:19:44,-07:00,2026-04-14T17:19:44-07:00,0,0
global.js,81,js,f9bf2739,Matthew Viray,2026-04-14,17:19:44,-07:00,2026-04-14T17:19:44-07:00,0,49
global.js,82,js,f9bf2739,Matthew Viray,2026-04-14,17:19:44,-07:00,2026-04-14T17:19:44-07:00,2,21
global.js,83,js,f9bf2739,Matthew Viray,2026-04-14,17:19:44,-07:00,2026-04-14T17:19:44-07:00,2,28
global.js,84,js,f9bf2739,Matthew Viray,2026-04-14,17:19:44,-07:00,2026-04-14T17:19:44-07:00,2,25
global.js,85,js,f9bf2739,Matthew Viray,2026-04-14,17:19:44,-07:00,2026-04-14T17:19:44-07:00,2,13
global.js,86,js,f9bf2739,Matthew Viray,2026-04-14,17:19:44,-07:00,2026-04-14T17:19:44-07:00,2,30
global.js,87,js,f9bf2739,Matthew Viray,2026-04-14,17:19:44,-07:00,2026-04-14T17:19:44-07:00,3,44
global.js,88,js,f9bf2739,Matthew Viray,2026-04-14,17:19:44,-07:00,2026-04-14T17:19:44-07:00,3,70
global.js,89,js,f9bf2739,Matthew Viray,2026-04-14,17:19:44,-07:00,2026-04-14T17:19:44-07:00,3,0
global.js,90,js,f9bf2739,Matthew Viray,2026-04-14,17:19:44,-07:00,2026-04-14T17:19:44-07:00,2,0
global.js,91,js,f9bf2739,Matthew Viray,2026-04-14,17:19:44,-07:00,2026-04-14T17:19:44-07:00,2,22
global.js,92,js,f9bf2739,Matthew Viray,2026-04-14,17:19:44,-07:00,2026-04-14T17:19:44-07:00,2,18
global.js,93,js,f9bf2739,Matthew Viray,2026-04-14,17:19:44,-07:00,2026-04-14T17:19:44-07:00,0,0
global.js,94,js,f9bf2739,Matthew Viray,2026-04-14,17:19:44,-07:00,2026-04-14T17:19:44-07:00,0,0
global.js,95,js,e0a889bf,Matthew Viray,2026-04-22,23:39:31,-07:00,2026-04-22T23:39:31-07:00,0,36
global.js,96,js,e0a889bf,Matthew Viray,2026-04-22,23:39:31,-07:00,2026-04-22T23:39:31-07:00,1,3
global.js,97,js,e0a889bf,Matthew Viray,2026-04-22,23:39:31,-07:00,2026-04-22T23:39:31-07:00,2,39
global.js,98,js,e0a889bf,Matthew Viray,2026-04-22,23:39:31,-07:00,2026-04-22T23:39:31-07:00,2,32
global.js,99,js,f9bf2739,Matthew Viray,2026-04-14,17:19:44,-07:00,2026-04-14T17:19:44-07:00,0,0
global.js,100,js,e0a889bf,Matthew Viray,2026-04-22,23:39:31,-07:00,2026-04-22T23:39:31-07:00,2,51
global.js,101,js,22cb87cf,Matthew Viray,2026-04-14,15:01:20,-07:00,2026-04-14T15:01:20-07:00,0,0
global.js,102,js,e0a889bf,Matthew Viray,2026-04-22,23:39:31,-07:00,2026-04-22T23:39:31-07:00,2,17
global.js,103,js,e0a889bf,Matthew Viray,2026-04-22,23:39:31,-07:00,2026-04-22T23:39:31-07:00,3,66
global.js,104,js,e0a889bf,Matthew Viray,2026-04-22,23:39:31,-07:00,2026-04-22T23:39:31-07:00,2,0
global.js,105,js,e0a889bf,Matthew Viray,2026-04-22,23:39:31,-07:00,2026-04-22T23:39:31-07:00,2,33
global.js,106,js,e0a889bf,Matthew Viray,2026-04-22,23:39:31,-07:00,2026-04-22T23:39:31-07:00,2,10
global.js,107,js,e0a889bf,Matthew Viray,2026-04-22,23:39:31,-07:00,2026-04-22T23:39:31-07:00,0,0
global.js,108,js,e0a889bf,Matthew Viray,2026-04-22,23:39:31,-07:00,2026-04-22T23:39:31-07:00,1,15
global.js,109,js,e0a889bf,Matthew Viray,2026-04-22,23:39:31,-07:00,2026-04-22T23:39:31-07:00,2,59
global.js,110,js,e0a889bf,Matthew Viray,2026-04-22,23:39:31,-07:00,2026-04-22T23:39:31-07:00,1,0
global.js,111,js,e0a889bf,Matthew Viray,2026-04-22,23:39:31,-07:00,2026-04-22T23:39:31-07:00,0,0
global.js,112,js,e0a889bf,Matthew Viray,2026-04-22,23:39:31,-07:00,2026-04-22T23:39:31-07:00,0,0
global.js,113,js,e0a889bf,Matthew Viray,2026-04-22,23:39:31,-07:00,2026-04-22T23:39:31-07:00,0,30
global.js,114,js,e0a889bf,Matthew Viray,2026-04-22,23:39:31,-07:00,2026-04-22T23:39:31-07:00,0,0
global.js,115,js,e0a889bf,Matthew Viray,2026-04-22,23:39:31,-07:00,2026-04-22T23:39:31-07:00,0,79
global.js,116,js,e0a889bf,Matthew Viray,2026-04-22,23:39:31,-07:00,2026-04-22T23:39:31-07:00,1,30
global.js,117,js,e0a889bf,Matthew Viray,2026-04-22,23:39:31,-07:00,2026-04-22T23:39:31-07:00,1,31
global.js,118,js,e0a889bf,Matthew Viray,2026-04-22,23:39:31,-07:00,2026-04-22T23:39:31-07:00,2,48
global.js,119,js,e0a889bf,Matthew Viray,2026-04-22,23:39:31,-07:00,2026-04-22T23:39:31-07:00,2,19
global.js,120,js,e0a889bf,Matthew Viray,2026-04-22,23:39:31,-07:00,2026-04-22T23:39:31-07:00,3,49
global.js,121,js,e0a889bf,Matthew Viray,2026-04-22,23:39:31,-07:00,2026-04-22T23:39:31-07:00,3,49
global.js,122,js,a1499d40,Matthew Viray,2026-04-29,14:43:13,-07:00,2026-04-29T14:43:13-07:00,3,3
global.js,123,js,e0a889bf,Matthew Viray,2026-04-22,23:39:31,-07:00,2026-04-22T23:39:31-07:00,3,27
global.js,124,js,a1499d40,Matthew Viray,2026-04-29,14:43:13,-07:00,2026-04-29T14:43:13-07:00,3,3
global.js,125,js,a1499d40,Matthew Viray,2026-04-29,14:43:13,-07:00,2026-04-29T14:43:13-07:00,3,3
global.js,126,js,a1499d40,Matthew Viray,2026-04-29,14:43:13,-07:00,2026-04-29T14:43:13-07:00,3,33
global.js,127,js,a1499d40,Matthew Viray,2026-04-29,14:43:13,-07:00,2026-04-29T14:43:13-07:00,3,3
global.js,128,js,e0a889bf,Matthew Viray,2026-04-22,23:39:31,-07:00,2026-04-22T23:39:31-07:00,2,0
global.js,129,js,e0a889bf,Matthew Viray,2026-04-22,23:39:31,-07:00,2026-04-22T23:39:31-07:00,0,0
global.js,130,js,e0a889bf,Matthew Viray,2026-04-22,23:39:31,-07:00,2026-04-22T23:39:31-07:00,2,31
global.js,131,js,e0a889bf,Matthew Viray,2026-04-22,23:39:31,-07:00,2026-04-22T23:39:31-07:00,1,0
global.js,132,js,d5f7da32,Matthew Viray,2026-04-23,21:37:40,-07:00,2026-04-23T21:37:40-07:00,0,0
global.js,133,js,d5f7da32,Matthew Viray,2026-04-23,21:37:40,-07:00,2026-04-23T21:37:40-07:00,0,0
global.js,134,js,d5f7da32,Matthew Viray,2026-04-23,21:37:40,-07:00,2026-04-23T21:37:40-07:00,0,47
global.js,135,js,d5f7da32,Matthew Viray,2026-04-23,21:37:40,-07:00,2026-04-23T21:37:40-07:00,1,59
global.js,136,js,d5f7da32,Matthew Viray,2026-04-23,21:37:40,-07:00,2026-04-23T21:37:40-07:00,0,0
global.js,137,js,e0a889bf,Matthew Viray,2026-04-22,23:39:31,-07:00,2026-04-22T23:39:31-07:00,0,0
projects/projects.js,1,js,2cbcb3ff,Matthew Viray,2026-04-29,21:35:10,-07:00,2026-04-29T21:35:10-07:00,0,55
projects/projects.js,2,js,2cbcb3ff,Matthew Viray,2026-04-29,21:35:10,-07:00,2026-04-29T21:35:10-07:00,0,63
projects/projects.js,3,js,e0a889bf,Matthew Viray,2026-04-22,23:39:31,-07:00,2026-04-22T23:39:31-07:00,0,0
projects/projects.js,4,js,2cbcb3ff,Matthew Viray,2026-04-29,21:35:10,-07:00,2026-04-29T21:35:10-07:00,0,55
projects/projects.js,5,js,2cbcb3ff,Matthew Viray,2026-04-29,21:35:10,-07:00,2026-04-29T21:35:10-07:00,0,60
projects/projects.js,6,js,e0a889bf,Matthew Viray,2026-04-22,23:39:31,-07:00,2026-04-22T23:39:31-07:00,0,0
projects/projects.js,7,js,2cbcb3ff,Matthew Viray,2026-04-29,21:35:10,-07:00,2026-04-29T21:35:10-07:00,0,56
projects/projects.js,8,js,2cbcb3ff,Matthew Viray,2026-04-29,21:35:10,-07:00,2026-04-29T21:35:10-07:00,0,48
projects/projects.js,9,js,a1499d40,Matthew Viray,2026-04-29,14:43:13,-07:00,2026-04-29T14:43:13-07:00,0,0
projects/projects.js,10,js,2cbcb3ff,Matthew Viray,2026-04-29,21:35:10,-07:00,2026-04-29T21:35:10-07:00,0,59
projects/projects.js,11,js,2cbcb3ff,Matthew Viray,2026-04-29,21:35:10,-07:00,2026-04-29T21:35:10-07:00,0,46
projects/projects.js,12,js,a1499d40,Matthew Viray,2026-04-29,14:43:13,-07:00,2026-04-29T14:43:13-07:00,0,0
projects/projects.js,13,js,2cbcb3ff,Matthew Viray,2026-04-29,21:35:10,-07:00,2026-04-29T21:35:10-07:00,0,21
projects/projects.js,14,js,2cbcb3ff,Matthew Viray,2026-04-29,21:35:10,-07:00,2026-04-29T21:35:10-07:00,0,79
projects/projects.js,15,js,2cbcb3ff,Matthew Viray,2026-04-29,21:35:10,-07:00,2026-04-29T21:35:10-07:00,0,13
projects/projects.js,16,js,a1499d40,Matthew Viray,2026-04-29,14:43:13,-07:00,2026-04-29T14:43:13-07:00,0,0
projects/projects.js,17,js,2cbcb3ff,Matthew Viray,2026-04-29,21:35:10,-07:00,2026-04-29T21:35:10-07:00,0,60
projects/projects.js,18,js,2cbcb3ff,Matthew Viray,2026-04-29,21:35:10,-07:00,2026-04-29T21:35:10-07:00,0,30
projects/projects.js,19,js,2cbcb3ff,Matthew Viray,2026-04-29,21:35:10,-07:00,2026-04-29T21:35:10-07:00,2,35
projects/projects.js,20,js,2cbcb3ff,Matthew Viray,2026-04-29,21:35:10,-07:00,2026-04-29T21:35:10-07:00,4,108
projects/projects.js,21,js,2cbcb3ff,Matthew Viray,2026-04-29,21:35:10,-07:00,2026-04-29T21:35:10-07:00,4,73
projects/projects.js,22,js,2cbcb3ff,Matthew Viray,2026-04-29,21:35:10,-07:00,2026-04-29T21:35:10-07:00,4,34
projects/projects.js,23,js,2cbcb3ff,Matthew Viray,2026-04-29,21:35:10,-07:00,2026-04-29T21:35:10-07:00,2,1
projects/projects.js,24,js,2cbcb3ff,Matthew Viray,2026-04-29,21:35:10,-07:00,2026-04-29T21:35:10-07:00,0,0
projects/projects.js,25,js,2cbcb3ff,Matthew Viray,2026-04-29,21:35:10,-07:00,2026-04-29T21:35:10-07:00,0,0
projects/projects.js,26,js,2cbcb3ff,Matthew Viray,2026-04-29,21:35:10,-07:00,2026-04-29T21:35:10-07:00,0,38
projects/projects.js,27,js,2cbcb3ff,Matthew Viray,2026-04-29,21:35:10,-07:00,2026-04-29T21:35:10-07:00,2,29
projects/projects.js,28,js,2cbcb3ff,Matthew Viray,2026-04-29,21:35:10,-07:00,2026-04-29T21:35:10-07:00,4,12
projects/projects.js,29,js,2cbcb3ff,Matthew Viray,2026-04-29,21:35:10,-07:00,2026-04-29T21:35:10-07:00,4,14
projects/projects.js,30,js,2cbcb3ff,Matthew Viray,2026-04-29,21:35:10,-07:00,2026-04-29T21:35:10-07:00,4,12
projects/projects.js,31,js,2cbcb3ff,Matthew Viray,2026-04-29,21:35:10,-07:00,2026-04-29T21:35:10-07:00,2,0
projects/projects.js,32,js,2cbcb3ff,Matthew Viray,2026-04-29,21:35:10,-07:00,2026-04-29T21:35:10-07:00,2,82
projects/projects.js,33,js,2cbcb3ff,Matthew Viray,2026-04-29,21:35:10,-07:00,2026-04-29T21:35:10-07:00,0,0
projects/projects.js,34,js,2cbcb3ff,Matthew Viray,2026-04-29,21:35:10,-07:00,2026-04-29T21:35:10-07:00,2,83
projects/projects.js,35,js,2cbcb3ff,Matthew Viray,2026-04-29,21:35:10,-07:00,2026-04-29T21:35:10-07:00,2,92
projects/projects.js,36,js,2cbcb3ff,Matthew Viray,2026-04-29,21:35:10,-07:00,2026-04-29T21:35:10-07:00,2,83
projects/projects.js,37,js,2cbcb3ff,Matthew Viray,2026-04-29,21:35:10,-07:00,2026-04-29T21:35:10-07:00,2,44
projects/projects.js,38,js,a1499d40,Matthew Viray,2026-04-29,14:43:13,-07:00,2026-04-29T14:43:13-07:00,0,0
projects/projects.js,39,js,2cbcb3ff,Matthew Viray,2026-04-29,21:35:10,-07:00,2026-04-29T21:35:10-07:00,2,53
projects/projects.js,40,js,2cbcb3ff,Matthew Viray,2026-04-29,21:35:10,-07:00,2026-04-29T21:35:10-07:00,2,42
projects/projects.js,41,js,2cbcb3ff,Matthew Viray,2026-04-29,21:35:10,-07:00,2026-04-29T21:35:10-07:00,2,49
projects/projects.js,42,js,a1499d40,Matthew Viray,2026-04-29,14:43:13,-07:00,2026-04-29T14:43:13-07:00,0,0
projects/projects.js,43,js,2cbcb3ff,Matthew Viray,2026-04-29,21:35:10,-07:00,2026-04-29T21:35:10-07:00,2,28
projects/projects.js,44,js,2cbcb3ff,Matthew Viray,2026-04-29,21:35:10,-07:00,2026-04-29T21:35:10-07:00,2,32
projects/projects.js,45,js,2cbcb3ff,Matthew Viray,2026-04-29,21:35:10,-07:00,2026-04-29T21:35:10-07:00,2,44
projects/projects.js,46,js,2cbcb3ff,Matthew Viray,2026-04-29,21:35:10,-07:00,2026-04-29T21:35:10-07:00,0,0
projects/projects.js,47,js,2cbcb3ff,Matthew Viray,2026-04-29,21:35:10,-07:00,2026-04-29T21:35:10-07:00,2,27
projects/projects.js,48,js,2cbcb3ff,Matthew Viray,2026-04-29,21:35:10,-07:00,2026-04-29T21:35:10-07:00,4,4
projects/projects.js,49,js,a1499d40,Matthew Viray,2026-04-29,14:43:13,-07:00,2026-04-29T14:43:13-07:00,6,13
projects/projects.js,50,js,a1499d40,Matthew Viray,2026-04-29,14:43:13,-07:00,2026-04-29T14:43:13-07:00,6,13
projects/projects.js,51,js,2cbcb3ff,Matthew Viray,2026-04-29,21:35:10,-07:00,2026-04-29T21:35:10-07:00,6,22
projects/projects.js,52,js,2cbcb3ff,Matthew Viray,2026-04-29,21:35:10,-07:00,2026-04-29T21:35:10-07:00,6,51
projects/projects.js,53,js,2cbcb3ff,Matthew Viray,2026-04-29,21:35:10,-07:00,2026-04-29T21:35:10-07:00,6,18
projects/projects.js,54,js,2cbcb3ff,Matthew Viray,2026-04-29,21:35:10,-07:00,2026-04-29T21:35:10-07:00,8,24
projects/projects.js,55,js,2cbcb3ff,Matthew Viray,2026-04-29,21:35:10,-07:00,2026-04-29T21:35:10-07:00,10,17
projects/projects.js,56,js,2cbcb3ff,Matthew Viray,2026-04-29,21:35:10,-07:00,2026-04-29T21:35:10-07:00,10,18
projects/projects.js,57,js,2cbcb3ff,Matthew Viray,2026-04-29,21:35:10,-07:00,2026-04-29T21:35:10-07:00,8,6
projects/projects.js,58,js,2cbcb3ff,Matthew Viray,2026-04-29,21:35:10,-07:00,2026-04-29T21:35:10-07:00,10,16
projects/projects.js,59,js,2cbcb3ff,Matthew Viray,2026-04-29,21:35:10,-07:00,2026-04-29T21:35:10-07:00,10,30
projects/projects.js,60,js,2cbcb3ff,Matthew Viray,2026-04-29,21:35:10,-07:00,2026-04-29T21:35:10-07:00,8,0
projects/projects.js,61,js,2cbcb3ff,Matthew Viray,2026-04-29,21:35:10,-07:00,2026-04-29T21:35:10-07:00,0,0
projects/projects.js,62,js,2cbcb3ff,Matthew Viray,2026-04-29,21:35:10,-07:00,2026-04-29T21:35:10-07:00,8,4
projects/projects.js,63,js,2cbcb3ff,Matthew Viray,2026-04-29,21:35:10,-07:00,2026-04-29T21:35:10-07:00,10,16
projects/projects.js,64,js,2cbcb3ff,Matthew Viray,2026-04-29,21:35:10,-07:00,2026-04-29T21:35:10-07:00,10,66
projects/projects.js,65,js,2cbcb3ff,Matthew Viray,2026-04-29,21:35:10,-07:00,2026-04-29T21:35:10-07:00,0,0
projects/projects.js,66,js,2cbcb3ff,Matthew Viray,2026-04-29,21:35:10,-07:00,2026-04-29T21:35:10-07:00,8,18
projects/projects.js,67,js,2cbcb3ff,Matthew Viray,2026-04-29,21:35:10,-07:00,2026-04-29T21:35:10-07:00,10,14
projects/projects.js,68,js,2cbcb3ff,Matthew Viray,2026-04-29,21:35:10,-07:00,2026-04-29T21:35:10-07:00,10,89
projects/projects.js,69,js,2cbcb3ff,Matthew Viray,2026-04-29,21:35:10,-07:00,2026-04-29T21:35:10-07:00,0,0
projects/projects.js,70,js,2cbcb3ff,Matthew Viray,2026-04-29,21:35:10,-07:00,2026-04-29T21:35:10-07:00,8,61
projects/projects.js,71,js,2cbcb3ff,Matthew Viray,2026-04-29,21:35:10,-07:00,2026-04-29T21:35:10-07:00,6,1
projects/projects.js,72,js,2cbcb3ff,Matthew Viray,2026-04-29,21:35:10,-07:00,2026-04-29T21:35:10-07:00,2,1
projects/projects.js,73,js,2cbcb3ff,Matthew Viray,2026-04-29,21:35:10,-07:00,2026-04-29T21:35:10-07:00,0,0
projects/projects.js,74,js,2cbcb3ff,Matthew Viray,2026-04-29,21:35:10,-07:00,2026-04-29T21:35:10-07:00,2,34
projects/projects.js,75,js,2cbcb3ff,Matthew Viray,2026-04-29,21:35:10,-07:00,2026-04-29T21:35:10-07:00,2,27
projects/projects.js,76,js,2cbcb3ff,Matthew Viray,2026-04-29,21:35:10,-07:00,2026-04-29T21:35:10-07:00,4,4
projects/projects.js,77,js,2cbcb3ff,Matthew Viray,2026-04-29,21:35:10,-07:00,2026-04-29T21:35:10-07:00,6,11
projects/projects.js,78,js,2cbcb3ff,Matthew Viray,2026-04-29,21:35:10,-07:00,2026-04-29T21:35:10-07:00,6,76
projects/projects.js,79,js,2cbcb3ff,Matthew Viray,2026-04-29,21:35:10,-07:00,2026-04-29T21:35:10-07:00,6,38
projects/projects.js,80,js,2cbcb3ff,Matthew Viray,2026-04-29,21:35:10,-07:00,2026-04-29T21:35:10-07:00,6,69
projects/projects.js,81,js,2cbcb3ff,Matthew Viray,2026-04-29,21:35:10,-07:00,2026-04-29T21:35:10-07:00,2,1
projects/projects.js,82,js,2cbcb3ff,Matthew Viray,2026-04-29,21:35:10,-07:00,2026-04-29T21:35:10-07:00,0,0
projects/projects.js,83,js,2cbcb3ff,Matthew Viray,2026-04-29,21:35:10,-07:00,2026-04-29T21:35:10-07:00,0,0
projects/projects.js,84,js,2cbcb3ff,Matthew Viray,2026-04-29,21:35:10,-07:00,2026-04-29T21:35:10-07:00,0,48
projects/projects.js,85,js,2cbcb3ff,Matthew Viray,2026-04-29,21:35:10,-07:00,2026-04-29T21:35:10-07:00,0,23
projects/projects.js,86,js,2cbcb3ff,Matthew Viray,2026-04-29,21:35:10,-07:00,2026-04-29T21:35:10-07:00,0,0
projects/projects.js,87,js,2cbcb3ff,Matthew Viray,2026-04-29,21:35:10,-07:00,2026-04-29T21:35:10-07:00,0,55
projects/projects.js,88,js,2cbcb3ff,Matthew Viray,2026-04-29,21:35:10,-07:00,2026-04-29T21:35:10-07:00,0,49
projects/projects.js,89,js,2cbcb3ff,Matthew Viray,2026-04-29,21:35:10,-07:00,2026-04-29T21:35:10-07:00,2,25
projects/projects.js,90,js,2cbcb3ff,Matthew Viray,2026-04-29,21:35:10,-07:00,2026-04-29T21:35:10-07:00,2,72
projects/projects.js,91,js,2cbcb3ff,Matthew Viray,2026-04-29,21:35:10,-07:00,2026-04-29T21:35:10-07:00,2,51
projects/projects.js,92,js,2cbcb3ff,Matthew Viray,2026-04-29,21:35:10,-07:00,2026-04-29T21:35:10-07:00,4,61
projects/projects.js,93,js,2cbcb3ff,Matthew Viray,2026-04-29,21:35:10,-07:00,2026-04-29T21:35:10-07:00,4,42
projects/projects.js,94,js,a1499d40,Matthew Viray,2026-04-29,14:43:13,-07:00,2026-04-29T14:43:13-07:00,2,1
projects/projects.js,95,js,2cbcb3ff,Matthew Viray,2026-04-29,21:35:10,-07:00,2026-04-29T21:35:10-07:00,2,61
projects/projects.js,96,js,2cbcb3ff,Matthew Viray,2026-04-29,21:35:10,-07:00,2026-04-29T21:35:10-07:00,2,29
projects/projects.js,97,js,2cbcb3ff,Matthew Viray,2026-04-29,21:35:10,-07:00,2026-04-29T21:35:10-07:00,0,1
projects/index.html,1,html,14c11608,Matthew Viray,2026-04-01,20:25:11,-07:00,2026-04-01T20:25:11-07:00,0,13
projects/index.html,2,html,14c11608,Matthew Viray,2026-04-01,20:25:11,-07:00,2026-04-01T20:25:11-07:00,0,14
projects/index.html,3,html,14c11608,Matthew Viray,2026-04-01,20:25:11,-07:00,2026-04-01T20:25:11-07:00,0,4
projects/index.html,4,html,14c11608,Matthew Viray,2026-04-01,20:25:11,-07:00,2026-04-01T20:25:11-07:00,2,20
projects/index.html,5,html,14c11608,Matthew Viray,2026-04-01,20:25:11,-07:00,2026-04-01T20:25:11-07:00,2,68
projects/index.html,6,html,14c11608,Matthew Viray,2026-04-01,20:25:11,-07:00,2026-04-01T20:25:11-07:00,2,21
projects/index.html,7,html,bf3a6358,Matthew Viray,2026-04-03,11:26:01,-07:00,2026-04-03T11:26:01-07:00,2,41
projects/index.html,8,html,e0a889bf,Matthew Viray,2026-04-22,23:39:31,-07:00,2026-04-22T23:39:31-07:00,1,0
projects/index.html,9,html,e0a889bf,Matthew Viray,2026-04-22,23:39:31,-07:00,2026-04-22T23:39:31-07:00,2,48
projects/index.html,10,html,e0a889bf,Matthew Viray,2026-04-22,23:39:31,-07:00,2026-04-22T23:39:31-07:00,2,47
projects/index.html,11,html,e0a889bf,Matthew Viray,2026-04-22,23:39:31,-07:00,2026-04-22T23:39:31-07:00,2,0
projects/index.html,12,html,e0a889bf,Matthew Viray,2026-04-22,23:39:31,-07:00,2026-04-22T23:39:31-07:00,0,0
projects/index.html,13,html,bf3a6358,Matthew Viray,2026-04-03,11:26:01,-07:00,2026-04-03T11:26:01-07:00,0,0
projects/index.html,14,html,14c11608,Matthew Viray,2026-04-01,20:25:11,-07:00,2026-04-01T20:25:11-07:00,0,5
projects/index.html,15,html,14c11608,Matthew Viray,2026-04-01,20:25:11,-07:00,2026-04-01T20:25:11-07:00,0,4
projects/index.html,16,html,22cb87cf,Matthew Viray,2026-04-14,15:01:20,-07:00,2026-04-14T15:01:20-07:00,0,0
projects/index.html,17,html,22cb87cf,Matthew Viray,2026-04-14,15:01:20,-07:00,2026-04-14T15:01:20-07:00,0,0
projects/index.html,18,html,a1499d40,Matthew Viray,2026-04-29,14:43:13,-07:00,2026-04-29T14:43:13-07:00,1,0
projects/index.html,19,html,e0a889bf,Matthew Viray,2026-04-22,23:39:31,-07:00,2026-04-22T23:39:31-07:00,2,40
projects/index.html,20,html,a1499d40,Matthew Viray,2026-04-29,14:43:13,-07:00,2026-04-29T14:43:13-07:00,2,21
projects/index.html,21,html,a1499d40,Matthew Viray,2026-04-29,14:43:13,-07:00,2026-04-29T14:43:13-07:00,4,52
projects/index.html,22,html,a1499d40,Matthew Viray,2026-04-29,14:43:13,-07:00,2026-04-29T14:43:13-07:00,4,4
projects/index.html,23,html,a1499d40,Matthew Viray,2026-04-29,14:43:13,-07:00,2026-04-29T14:43:13-07:00,4,22
projects/index.html,24,html,c2f2a429,Matthew Viray,2026-04-29,21:40:28,-07:00,2026-04-29T21:40:28-07:00,2,4
projects/index.html,25,html,c2f2a429,Matthew Viray,2026-04-29,21:40:28,-07:00,2026-04-29T21:40:28-07:00,2,22
projects/index.html,26,html,2cbcb3ff,Matthew Viray,2026-04-29,21:35:10,-07:00,2026-04-29T21:35:10-07:00,5,11
projects/index.html,27,html,2cbcb3ff,Matthew Viray,2026-04-29,21:35:10,-07:00,2026-04-29T21:35:10-07:00,5,26
projects/index.html,28,html,2cbcb3ff,Matthew Viray,2026-04-29,21:35:10,-07:00,2026-04-29T21:35:10-07:00,5,31
projects/index.html,29,html,2cbcb3ff,Matthew Viray,2026-04-29,21:35:10,-07:00,2026-04-29T21:35:10-07:00,2,0
projects/index.html,30,html,e0a889bf,Matthew Viray,2026-04-22,23:39:31,-07:00,2026-04-22T23:39:31-07:00,0,0
projects/index.html,31,html,a1499d40,Matthew Viray,2026-04-29,14:43:13,-07:00,2026-04-29T14:43:13-07:00,2,20
projects/index.html,32,html,a1499d40,Matthew Viray,2026-04-29,14:43:13,-07:00,2026-04-29T14:43:13-07:00,2,0
projects/index.html,33,html,e0a889bf,Matthew Viray,2026-04-22,23:39:31,-07:00,2026-04-22T23:39:31-07:00,2,0
projects/index.html,34,html,a6a748b6,Matthew Viray,2026-04-07,21:59:44,-07:00,2026-04-07T21:59:44-07:00,2,4
projects/index.html,35,html,a6a748b6,Matthew Viray,2026-04-07,21:59:44,-07:00,2026-04-07T21:59:44-07:00,0,0
projects/index.html,36,html,a6a748b6,Matthew Viray,2026-04-07,21:59:44,-07:00,2026-04-07T21:59:44-07:00,4,0
projects/index.html,37,html,a6a748b6,Matthew Viray,2026-04-07,21:59:44,-07:00,2026-04-07T21:59:44-07:00,0,0
projects/index.html,38,html,14c11608,Matthew Viray,2026-04-01,20:25:11,-07:00,2026-04-01T20:25:11-07:00,0,5
projects/index.html,39,html,14c11608,Matthew Viray,2026-04-01,20:25:11,-07:00,2026-04-01T20:25:11-07:00,0,5
contact/index.html,1,html,14c11608,Matthew Viray,2026-04-01,20:25:11,-07:00,2026-04-01T20:25:11-07:00,0,13
contact/index.html,2,html,14c11608,Matthew Viray,2026-04-01,20:25:11,-07:00,2026-04-01T20:25:11-07:00,0,14
contact/index.html,3,html,14c11608,Matthew Viray,2026-04-01,20:25:11,-07:00,2026-04-01T20:25:11-07:00,0,4
contact/index.html,4,html,14c11608,Matthew Viray,2026-04-01,20:25:11,-07:00,2026-04-01T20:25:11-07:00,2,20
contact/index.html,5,html,14c11608,Matthew Viray,2026-04-01,20:25:11,-07:00,2026-04-01T20:25:11-07:00,2,68
contact/index.html,6,html,14c11608,Matthew Viray,2026-04-01,20:25:11,-07:00,2026-04-01T20:25:11-07:00,2,20
contact/index.html,7,html,22cb87cf,Matthew Viray,2026-04-14,15:01:20,-07:00,2026-04-14T15:01:20-07:00,2,41
contact/index.html,8,html,22cb87cf,Matthew Viray,2026-04-14,15:01:20,-07:00,2026-04-14T15:01:20-07:00,2,50
contact/index.html,9,html,bf3a6358,Matthew Viray,2026-04-03,11:26:01,-07:00,2026-04-03T11:26:01-07:00,0,0
contact/index.html,10,html,14c11608,Matthew Viray,2026-04-01,20:25:11,-07:00,2026-04-01T20:25:11-07:00,0,5
contact/index.html,11,html,14c11608,Matthew Viray,2026-04-01,20:25:11,-07:00,2026-04-01T20:25:11-07:00,0,4
contact/index.html,12,html,22cb87cf,Matthew Viray,2026-04-14,15:01:20,-07:00,2026-04-14T15:01:20-07:00,0,0
contact/index.html,13,html,22cb87cf,Matthew Viray,2026-04-14,15:01:20,-07:00,2026-04-14T15:01:20-07:00,1,0
contact/index.html,14,html,14c11608,Matthew Viray,2026-04-01,20:25:11,-07:00,2026-04-01T20:25:11-07:00,2,19
contact/index.html,15,html,f9bf2739,Matthew Viray,2026-04-14,17:19:44,-07:00,2026-04-14T17:19:44-07:00,2,54
contact/index.html,16,html,883ca78b,Matthew Viray,2026-04-03,11:16:08,-07:00,2026-04-03T11:16:08-07:00,4,12
contact/index.html,17,html,14c11608,Matthew Viray,2026-04-01,20:25:11,-07:00,2026-04-01T20:25:11-07:00,6,31
contact/index.html,18,html,14c11608,Matthew Viray,2026-04-01,20:25:11,-07:00,2026-04-01T20:25:11-07:00,4,6
contact/index.html,19,html,883ca78b,Matthew Viray,2026-04-03,11:16:08,-07:00,2026-04-03T11:16:08-07:00,4,13
contact/index.html,20,html,14c11608,Matthew Viray,2026-04-01,20:25:11,-07:00,2026-04-01T20:25:11-07:00,6,20
contact/index.html,21,html,14c11608,Matthew Viray,2026-04-01,20:25:11,-07:00,2026-04-01T20:25:11-07:00,4,6
contact/index.html,22,html,883ca78b,Matthew Viray,2026-04-03,11:16:08,-07:00,2026-04-03T11:16:08-07:00,4,13
contact/index.html,23,html,f9bf2739,Matthew Viray,2026-04-14,17:19:44,-07:00,2026-04-14T17:19:44-07:00,6,32
contact/index.html,24,html,14c11608,Matthew Viray,2026-04-01,20:25:11,-07:00,2026-04-01T20:25:11-07:00,4,6
contact/index.html,25,html,14c11608,Matthew Viray,2026-04-01,20:25:11,-07:00,2026-04-01T20:25:11-07:00,4,21
contact/index.html,26,html,14c11608,Matthew Viray,2026-04-01,20:25:11,-07:00,2026-04-01T20:25:11-07:00,2,5
contact/index.html,27,html,14c11608,Matthew Viray,2026-04-01,20:25:11,-07:00,2026-04-01T20:25:11-07:00,0,5
contact/index.html,28,html,14c11608,Matthew Viray,2026-04-01,20:25:11,-07:00,2026-04-01T20:25:11-07:00,0,5
Resume/index.html,1,html,14c11608,Matthew Viray,2026-04-01,20:25:11,-07:00,2026-04-01T20:25:11-07:00,0,13
Resume/index.html,2,html,14c11608,Matthew Viray,2026-04-01,20:25:11,-07:00,2026-04-01T20:25:11-07:00,0,14
Resume/index.html,3,html,14c11608,Matthew Viray,2026-04-01,20:25:11,-07:00,2026-04-01T20:25:11-07:00,0,4
Resume/index.html,4,html,14c11608,Matthew Viray,2026-04-01,20:25:11,-07:00,2026-04-01T20:25:11-07:00,2,20
Resume/index.html,5,html,14c11608,Matthew Viray,2026-04-01,20:25:11,-07:00,2026-04-01T20:25:11-07:00,2,68
Resume/index.html,6,html,14c11608,Matthew Viray,2026-04-01,20:25:11,-07:00,2026-04-01T20:25:11-07:00,2,19
Resume/index.html,7,html,bf3a6358,Matthew Viray,2026-04-03,11:26:01,-07:00,2026-04-03T11:26:01-07:00,2,41
Resume/index.html,8,html,62c0707a,Matthew Viray,2026-04-08,21:42:22,-07:00,2026-04-08T21:42:22-07:00,2,102
Resume/index.html,9,html,22cb87cf,Matthew Viray,2026-04-14,15:01:20,-07:00,2026-04-14T15:01:20-07:00,2,50
Resume/index.html,10,html,62c0707a,Matthew Viray,2026-04-08,21:42:22,-07:00,2026-04-08T21:42:22-07:00,0,0
Resume/index.html,11,html,a6a748b6,Matthew Viray,2026-04-07,21:59:44,-07:00,2026-04-07T21:59:44-07:00,0,5
Resume/index.html,12,html,62c0707a,Matthew Viray,2026-04-08,21:42:22,-07:00,2026-04-08T21:42:22-07:00,0,21
Resume/index.html,13,html,22cb87cf,Matthew Viray,2026-04-14,15:01:20,-07:00,2026-04-14T15:01:20-07:00,0,0
Resume/index.html,14,html,14c11608,Matthew Viray,2026-04-01,20:25:11,-07:00,2026-04-01T20:25:11-07:00,2,13
Resume/index.html,15,html,62c0707a,Matthew Viray,2026-04-08,21:42:22,-07:00,2026-04-08T21:42:22-07:00,4,118
Resume/index.html,16,html,62c0707a,Matthew Viray,2026-04-08,21:42:22,-07:00,2026-04-08T21:42:22-07:00,4,53
Resume/index.html,17,html,62c0707a,Matthew Viray,2026-04-08,21:42:22,-07:00,2026-04-08T21:42:22-07:00,4,7
Resume/index.html,18,html,62c0707a,Matthew Viray,2026-04-08,21:42:22,-07:00,2026-04-08T21:42:22-07:00,6,14
Resume/index.html,19,html,62c0707a,Matthew Viray,2026-04-08,21:42:22,-07:00,2026-04-08T21:42:22-07:00,6,102
Resume/index.html,20,html,62c0707a,Matthew Viray,2026-04-08,21:42:22,-07:00,2026-04-08T21:42:22-07:00,6,106
Resume/index.html,21,html,62c0707a,Matthew Viray,2026-04-08,21:42:22,-07:00,2026-04-08T21:42:22-07:00,6,110
Resume/index.html,22,html,62c0707a,Matthew Viray,2026-04-08,21:42:22,-07:00,2026-04-08T21:42:22-07:00,6,87
Resume/index.html,23,html,14c11608,Matthew Viray,2026-04-01,20:25:11,-07:00,2026-04-01T20:25:11-07:00,0,0
Resume/index.html,24,html,62c0707a,Matthew Viray,2026-04-08,21:42:22,-07:00,2026-04-08T21:42:22-07:00,4,8
Resume/index.html,25,html,14c11608,Matthew Viray,2026-04-01,20:25:11,-07:00,2026-04-01T20:25:11-07:00,0,0
Resume/index.html,26,html,62c0707a,Matthew Viray,2026-04-08,21:42:22,-07:00,2026-04-08T21:42:22-07:00,4,7
Resume/index.html,27,html,62c0707a,Matthew Viray,2026-04-08,21:42:22,-07:00,2026-04-08T21:42:22-07:00,6,16
Resume/index.html,28,html,62c0707a,Matthew Viray,2026-04-08,21:42:22,-07:00,2026-04-08T21:42:22-07:00,6,7
Resume/index.html,29,html,62c0707a,Matthew Viray,2026-04-08,21:42:22,-07:00,2026-04-08T21:42:22-07:00,8,85
Resume/index.html,30,html,62c0707a,Matthew Viray,2026-04-08,21:42:22,-07:00,2026-04-08T21:42:22-07:00,8,140
Resume/index.html,31,html,62c0707a,Matthew Viray,2026-04-08,21:42:22,-07:00,2026-04-08T21:42:22-07:00,6,0
Resume/index.html,32,html,62c0707a,Matthew Viray,2026-04-08,21:42:22,-07:00,2026-04-08T21:42:22-07:00,6,8
Resume/index.html,33,html,62c0707a,Matthew Viray,2026-04-08,21:42:22,-07:00,2026-04-08T21:42:22-07:00,6,7
Resume/index.html,34,html,62c0707a,Matthew Viray,2026-04-08,21:42:22,-07:00,2026-04-08T21:42:22-07:00,8,77
Resume/index.html,35,html,62c0707a,Matthew Viray,2026-04-08,21:42:22,-07:00,2026-04-08T21:42:22-07:00,8,165
Resume/index.html,36,html,62c0707a,Matthew Viray,2026-04-08,21:42:22,-07:00,2026-04-08T21:42:22-07:00,4,0
Resume/index.html,37,html,62c0707a,Matthew Viray,2026-04-08,21:42:22,-07:00,2026-04-08T21:42:22-07:00,6,8
Resume/index.html,38,html,62c0707a,Matthew Viray,2026-04-08,21:42:22,-07:00,2026-04-08T21:42:22-07:00,4,8
Resume/index.html,39,html,14c11608,Matthew Viray,2026-04-01,20:25:11,-07:00,2026-04-01T20:25:11-07:00,0,0
Resume/index.html,40,html,62c0707a,Matthew Viray,2026-04-08,21:42:22,-07:00,2026-04-08T21:42:22-07:00,4,7
Resume/index.html,41,html,62c0707a,Matthew Viray,2026-04-08,21:42:22,-07:00,2026-04-08T21:42:22-07:00,6,15
Resume/index.html,42,html,62c0707a,Matthew Viray,2026-04-08,21:42:22,-07:00,2026-04-08T21:42:22-07:00,6,7
Resume/index.html,43,html,62c0707a,Matthew Viray,2026-04-08,21:42:22,-07:00,2026-04-08T21:42:22-07:00,8,50
Resume/index.html,44,html,62c0707a,Matthew Viray,2026-04-08,21:42:22,-07:00,2026-04-08T21:42:22-07:00,8,2
Resume/index.html,45,html,62c0707a,Matthew Viray,2026-04-08,21:42:22,-07:00,2026-04-08T21:42:22-07:00,10,62
Resume/index.html,46,html,62c0707a,Matthew Viray,2026-04-08,21:42:22,-07:00,2026-04-08T21:42:22-07:00,12,49
Resume/index.html,47,html,62c0707a,Matthew Viray,2026-04-08,21:42:22,-07:00,2026-04-08T21:42:22-07:00,12,58
Resume/index.html,48,html,62c0707a,Matthew Viray,2026-04-08,21:42:22,-07:00,2026-04-08T21:42:22-07:00,12,37
Resume/index.html,49,html,62c0707a,Matthew Viray,2026-04-08,21:42:22,-07:00,2026-04-08T21:42:22-07:00,10,65
Resume/index.html,50,html,62c0707a,Matthew Viray,2026-04-08,21:42:22,-07:00,2026-04-08T21:42:22-07:00,12,47
Resume/index.html,51,html,62c0707a,Matthew Viray,2026-04-08,21:42:22,-07:00,2026-04-08T21:42:22-07:00,12,55
Resume/index.html,52,html,62c0707a,Matthew Viray,2026-04-08,21:42:22,-07:00,2026-04-08T21:42:22-07:00,12,26
Resume/index.html,53,html,62c0707a,Matthew Viray,2026-04-08,21:42:22,-07:00,2026-04-08T21:42:22-07:00,10,56
Resume/index.html,54,html,62c0707a,Matthew Viray,2026-04-08,21:42:22,-07:00,2026-04-08T21:42:22-07:00,12,48
Resume/index.html,55,html,62c0707a,Matthew Viray,2026-04-08,21:42:22,-07:00,2026-04-08T21:42:22-07:00,12,53
Resume/index.html,56,html,62c0707a,Matthew Viray,2026-04-08,21:42:22,-07:00,2026-04-08T21:42:22-07:00,12,50
Resume/index.html,57,html,62c0707a,Matthew Viray,2026-04-08,21:42:22,-07:00,2026-04-08T21:42:22-07:00,12,23
Resume/index.html,58,html,62c0707a,Matthew Viray,2026-04-08,21:42:22,-07:00,2026-04-08T21:42:22-07:00,8,3
Resume/index.html,59,html,62c0707a,Matthew Viray,2026-04-08,21:42:22,-07:00,2026-04-08T21:42:22-07:00,6,8
Resume/index.html,60,html,14c11608,Matthew Viray,2026-04-01,20:25:11,-07:00,2026-04-01T20:25:11-07:00,0,0
Resume/index.html,61,html,62c0707a,Matthew Viray,2026-04-08,21:42:22,-07:00,2026-04-08T21:42:22-07:00,4,8
Resume/index.html,62,html,14c11608,Matthew Viray,2026-04-01,20:25:11,-07:00,2026-04-01T20:25:11-07:00,0,0
Resume/index.html,63,html,62c0707a,Matthew Viray,2026-04-08,21:42:22,-07:00,2026-04-08T21:42:22-07:00,4,24
Resume/index.html,64,html,62c0707a,Matthew Viray,2026-04-08,21:42:22,-07:00,2026-04-08T21:42:22-07:00,6,13
Resume/index.html,65,html,62c0707a,Matthew Viray,2026-04-08,21:42:22,-07:00,2026-04-08T21:42:22-07:00,6,2
Resume/index.html,66,html,62c0707a,Matthew Viray,2026-04-08,21:42:22,-07:00,2026-04-08T21:42:22-07:00,8,54
Resume/index.html,67,html,62c0707a,Matthew Viray,2026-04-08,21:42:22,-07:00,2026-04-08T21:42:22-07:00,8,64
Resume/index.html,68,html,62c0707a,Matthew Viray,2026-04-08,21:42:22,-07:00,2026-04-08T21:42:22-07:00,8,57
Resume/index.html,69,html,62c0707a,Matthew Viray,2026-04-08,21:42:22,-07:00,2026-04-08T21:42:22-07:00,6,3
Resume/index.html,70,html,62c0707a,Matthew Viray,2026-04-08,21:42:22,-07:00,2026-04-08T21:42:22-07:00,4,8
Resume/index.html,71,html,14c11608,Matthew Viray,2026-04-01,20:25:11,-07:00,2026-04-01T20:25:11-07:00,0,5
Resume/index.html,72,html,14c11608,Matthew Viray,2026-04-01,20:25:11,-07:00,2026-04-01T20:25:11-07:00,0,5
